,Adview
0,16.0
1,2.0
2,1.0
3,1.0
4,225.0
5,4.0
6,10906.0
7,367.0
8,1.0
9,2.0
10,19.0
11,1147.0
12,2.0
13,2.0
14,2.0
15,2.0
16,15.0
17,1.0
18,2.0
19,1.0
20,3423.0
21,2.0
22,11.0
23,1.0
24,116.0
25,7905.0
26,1.0
27,23.0
28,30.0
29,3.0
30,1.0
31,17.0
32,16.0
33,2.0
34,2743.0
35,9.0
36,5.0
37,1.0
38,2.0
39,1.0
40,6.0
41,6.0
42,2.0
43,1.0
44,1.0
45,1.0
46,1.0
47,4.0
48,1.0
49,31.0
50,3.0
51,1.0
52,2.0
53,1.0
54,78.0
55,4.0
56,1.0
57,2.0
58,1.0
59,27.0
60,11.0
61,4.0
62,1.0
63,5.0
64,4448.0
65,11679.0
66,7.0
67,27.0
68,12.0
69,1.0
70,1.0
71,4.0
72,3.0
73,9.0
74,10906.0
75,1.0
76,3.0
77,1.0
78,2.0
79,7.0
80,2.0
81,1.0
82,12.0
83,8.0
84,2.0
85,12.0
86,1.0
87,3.0
88,8.0
89,5.0
90,1.0
91,1.0
92,1.0
93,1.0
94,3.0
95,2.0
96,2.0
97,7.0
98,2.0
99,324.0
100,4.0
101,1.0
102,3.0
103,1.0
104,2.0
105,723.0
106,1.0
107,1.0
108,2.0
109,3.0
110,2.0
111,2.0
112,3.0
113,75.0
114,25667.0
115,50.0
116,1.0
117,2.0
118,1.0
119,8.0
120,1.0
121,12.0
122,3.0
123,13.0
124,13.0
125,1.0
126,1.0
127,102.0
128,4.0
129,1.0
130,1.0
131,165271.0
132,3.0
133,4.0
134,44.0
135,2.0
136,2.0
137,7.0
138,2.0
139,31.0
140,1.0
141,1.0
142,1.0
143,1.0
144,2.0
145,1.0
146,2.0
147,31229.0
148,4.0
149,1.0
150,22.0
151,2.0
152,1.0
153,2877.0
154,3.0
155,8.0
156,4.0
157,1.0
158,2.0
159,2.0
160,23.0
161,1.0
162,190.0
163,1.0
164,5.0
165,1.0
166,2.0
167,2.0
168,88.0
169,1.0
170,1.0
171,1.0
172,1.0
173,1.0
174,1.0
175,1.0
176,1.0
177,1.0
178,3.0
179,24.0
180,17267.0
181,47659.0
182,1.0
183,2.0
184,132.0
185,4.0
186,367.0
187,1.0
188,1.0
189,6.0
190,25.0
191,2.0
192,1.0
193,1909.0
194,1.0
195,1.0
196,1.0
197,10.0
198,2.0
199,33.0
200,2.0
201,1.0
202,1.0
203,1.0
204,1.0
205,1.0
206,11.0
207,1.0
208,30.0
209,2.0
210,191.0
211,2.0
212,2.0
213,1.0
214,1.0
215,12.0
216,1.0
217,2.0
218,1.0
219,3.0
220,5.0
221,18.0
222,1.0
223,2.0
224,1.0
225,2.0
226,3.0
227,2.0
228,1.0
229,1.0
230,1.0
231,1.0
232,2.0
233,827.0
234,26.0
235,4.0
236,2.0
237,107.0
238,1.0
239,1.0
240,2.0
241,1.0
242,5.0
243,6167.0
244,10.0
245,51.0
246,1.0
247,4.0
248,1.0
249,2.0
250,1.0
251,32.0
252,2.0
253,47.0
254,1.0
255,1.0
256,1.0
257,1.0
258,144.0
259,2.0
260,3.0
261,8.0
262,4.0
263,46.0
264,2.0
265,25.0
266,1.0
267,9348.0
268,1.0
269,6.0
270,7.0
271,1.0
272,2.0
273,4.0
274,579.0
275,14351.0
276,1.0
277,1.0
278,15.0
279,1.0
280,47.0
281,1.0
282,3.0
283,7.0
284,1.0
285,2.0
286,4.0
287,1.0
288,1.0
289,1.0
290,4.0
291,2.0
292,1.0
293,3.0
294,5949.0
295,4.0
296,2.0
297,1.0
298,1.0
299,2.0
300,28.0
301,2.0
302,1.0
303,6.0
304,1.0
305,1.0
306,1.0
307,1.0
308,2.0
309,2.0
310,1.0
311,2.0
312,583.0
313,217.0
314,9.0
315,1.0
316,1.0
317,3.0
318,4.0
319,9.0
320,1.0
321,2.0
322,2.0
323,1.0
324,3.0
325,60.0
326,1.0
327,19.0
328,1.0
329,1.0
330,1.0
331,7.0
332,1.0
333,1.0
334,17.0
335,5.0
336,35.0
337,1.0
338,21.0
339,2.0
340,1.0
341,1.0
342,1.0
343,51.0
344,4.0
345,1.0
346,5.0
347,11.0
348,2.0
349,1.0
350,2.0
351,1.0
352,6090.0
353,2.0
354,2.0
355,1.0
356,3.0
357,1.0
358,3.0
359,2.0
360,1.0
361,1.0
362,1.0
363,4.0
364,7465.0
365,1.0
366,41.0
367,6.0
368,2.0
369,1.0
370,2.0
371,1.0
372,2.0
373,4.0
374,2.0
375,1.0
376,2.0
377,4.0
378,1.0
379,1.0
380,10.0
381,1.0
382,2.0
383,5.0
384,417.0
385,4.0
386,1.0
387,20.0
388,4.0
389,1.0
390,8.0
391,3.0
392,1.0
393,1.0
394,583.0
395,1.0
396,30.0
397,2.0
398,21.0
399,1.0
400,1.0
401,3.0
402,6090.0
403,1.0
404,1.0
405,1.0
406,11298.0
407,1.0
408,5.0
409,1.0
410,1.0
411,5.0
412,2.0
413,1.0
414,1.0
415,1.0
416,7.0
417,1.0
418,2.0
419,1.0
420,5.0
421,5.0
422,1.0
423,9936.0
424,1.0
425,2.0
426,2.0
427,1.0
428,1.0
429,1.0
430,1.0
431,1.0
432,4.0
433,9.0
434,1.0
435,1.0
436,13.0
437,47.0
438,1.0
439,1.0
440,10.0
441,3.0
442,1.0
443,2.0
444,1.0
445,1.0
446,6.0
447,5.0
448,1.0
449,1.0
450,796.0
451,3.0
452,1.0
453,13.0
454,2.0
455,1.0
456,3.0
457,11.0
458,1.0
459,3.0
460,1.0
461,3.0
462,1.0
463,88.0
464,1.0
465,16.0
466,1.0
467,27.0
468,2.0
469,5.0
470,1.0
471,1.0
472,1.0
473,1.0
474,12.0
475,11.0
476,8.0
477,1.0
478,1.0
479,2.0
480,1.0
481,2.0
482,1.0
483,1.0
484,1.0
485,11.0
486,3.0
487,1.0
488,4.0
489,31.0
490,1.0
491,1.0
492,2.0
493,7.0
494,2023.0
495,16.0
496,4.0
497,2.0
498,7.0
499,31.0
500,1.0
501,4.0
502,2.0
503,2.0
504,1.0
505,1.0
506,6.0
507,1.0
508,24.0
509,1.0
510,1.0
511,10.0
512,1.0
513,2.0
514,1.0
515,7.0
516,1.0
517,417.0
518,2.0
519,4.0
520,9333.0
521,667.0
522,1.0
523,1.0
524,16.0
525,1.0
526,1.0
527,2.0
528,374.0
529,1.0
530,4.0
531,1.0
532,2.0
533,1.0
534,2167.0
535,4.0
536,1.0
537,5.0
538,48.0
539,119.0
540,2.0
541,2.0
542,1.0
543,3.0
544,1.0
545,1.0
546,1.0
547,10.0
548,1.0
549,1.0
550,2.0
551,2.0
552,1707.0
553,1998.0
554,1.0
555,1.0
556,6.0
557,5.0
558,1.0
559,16.0
560,4.0
561,6.0
562,4.0
563,1.0
564,7.0
565,1.0
566,61277.0
567,1.0
568,3.0
569,1.0
570,2.0
571,1.0
572,1.0
573,3.0
574,1.0
575,12567.0
576,55.0
577,13.0
578,2.0
579,2.0
580,1.0
581,1.0
582,1.0
583,1.0
584,1.0
585,1.0
586,11.0
587,8.0
588,1.0
589,1.0
590,2.0
591,2.0
592,34.0
593,1.0
594,2.0
595,1.0
596,6.0
597,1.0
598,1.0
599,1.0
600,1.0
601,3.0
602,1.0
603,1.0
604,1.0
605,5.0
606,1.0
607,1.0
608,1.0
609,8.0
610,1.0
611,4.0
612,1.0
613,1.0
614,1.0
615,1.0
616,3.0
617,5.0
618,5.0
619,1.0
620,18.0
621,5.0
622,5.0
623,4.0
624,1.0
625,1.0
626,1.0
627,14.0
628,18.0
629,2.0
630,32.0
631,1.0
632,2.0
633,24.0
634,2707.0
635,1.0
636,1.0
637,4.0
638,14164.0
639,1195.0
640,1.0
641,1.0
642,12.0
643,2.0
644,667.0
645,1.0
646,1.0
647,2.0
648,1.0
649,1.0
650,1.0
651,18.0
652,1.0
653,1.0
654,6550.0
655,1.0
656,1.0
657,4.0
658,10906.0
659,7.0
660,1.0
661,785.0
662,1.0
663,2.0
664,2.0
665,1.0
666,5.0
667,1.0
668,2.0
669,1.0
670,2.0
671,1.0
672,1.0
673,86.0
674,2.0
675,1.0
676,3.0
677,19.0
678,30.0
679,3.0
680,2.0
681,1.0
682,1.0
683,1.0
684,1.0
685,5.0
686,1.0
687,2337.0
688,2.0
689,1.0
690,14.0
691,2.0
692,1.0
693,4.0
694,5.0
695,1.0
696,1.0
697,1.0
698,4.0
699,1.0
700,19.0
701,5.0
702,1.0
703,8.0
704,1.0
705,1.0
706,31.0
707,1.0
708,20.0
709,3.0
710,2.0
711,367.0
712,1.0
713,2.0
714,34.0
715,4.0
716,69.0
717,5.0
718,417.0
719,9.0
720,2.0
721,3.0
722,1.0
723,5.0
724,2.0
725,1.0
726,1.0
727,4.0
728,200.0
729,3.0
730,21.0
731,2.0
732,1.0
733,1.0
734,4.0
735,3.0
736,2.0
737,15.0
738,1.0
739,1.0
740,3.0
741,3.0
742,13.0
743,1.0
744,2.0
745,1.0
746,2.0
747,13.0
748,1.0
749,1.0
750,1.0
751,2.0
752,1.0
753,1.0
754,1.0
755,1.0
756,3.0
757,21.0
758,3.0
759,7.0
760,1.0
761,2.0
762,8.0
763,1.0
764,3.0
765,1.0
766,8.0
767,620.0
768,1.0
769,1.0
770,14.0
771,31.0
772,1.0
773,17.0
774,1.0
775,1.0
776,3.0
777,8.0
778,1.0
779,2441.0
780,9.0
781,1.0
782,2.0
783,6.0
784,7.0
785,2.0
786,2.0
787,4.0
788,9.0
789,1.0
790,48.0
791,7.0
792,1.0
793,1.0
794,2.0
795,1.0
796,1.0
797,1.0
798,2.0
799,3.0
800,4.0
801,1.0
802,6.0
803,19306.0
804,6.0
805,2.0
806,8.0
807,7.0
808,1.0
809,31.0
810,3.0
811,31.0
812,2.0
813,1.0
814,1.0
815,21.0
816,20.0
817,1.0
818,471.0
819,255.0
820,2.0
821,1.0
822,3.0
823,1.0
824,3.0
825,3.0
826,1.0
827,7.0
828,10.0
829,1.0
830,4.0
831,1.0
832,4.0
833,3.0
834,27780.0
835,1.0
836,3.0
837,1.0
838,9.0
839,1.0
840,31.0
841,11.0
842,1.0
843,1.0
844,3.0
845,191.0
846,6550.0
847,4.0
848,3.0
849,8.0
850,2.0
851,16.0
852,17.0
853,1.0
854,23.0
855,1.0
856,15.0
857,1.0
858,7.0
859,5.0
860,4.0
861,1.0
862,8.0
863,1.0
864,3.0
865,1.0
866,1.0
867,9.0
868,1.0
869,1687.0
870,1.0
871,1.0
872,17.0
873,1.0
874,1.0
875,3.0
876,31.0
877,1.0
878,1.0
879,24.0
880,4.0
881,187010.0
882,13.0
883,1.0
884,430.0
885,3.0
886,1.0
887,30.0
888,2.0
889,3.0
890,66.0
891,1147.0
892,53.0
893,1.0
894,4.0
895,3.0
896,1.0
897,25.0
898,1.0
899,1687.0
900,3.0
901,1.0
902,1.0
903,1.0
904,1.0
905,1.0
906,2.0
907,1.0
908,1.0
909,1.0
910,1.0
911,2.0
912,1.0
913,2.0
914,1.0
915,6.0
916,1.0
917,1.0
918,2.0
919,1.0
920,3008.0
921,5.0
922,2.0
923,1.0
924,1.0
925,25.0
926,9.0
927,2167.0
928,2.0
929,2.0
930,3.0
931,1.0
932,3.0
933,1.0
934,1.0
935,1.0
936,12.0
937,17.0
938,1.0
939,1.0
940,1.0
941,4.0
942,2.0
943,6.0
944,1.0
945,8.0
946,5.0
947,3.0
948,32.0
949,1.0
950,8.0
951,1.0
952,2.0
953,2.0
954,5.0
955,2.0
956,3008.0
957,1.0
958,1.0
959,1.0
960,6.0
961,34.0
962,1.0
963,1.0
964,1.0
965,3008.0
966,1.0
967,26.0
968,2.0
969,2.0
970,1.0
971,1.0
972,2.0
973,2154.0
974,5.0
975,2.0
976,2.0
977,3.0
978,1.0
979,1.0
980,26.0
981,8.0
982,1.0
983,60.0
984,2.0
985,2.0
986,1.0
987,2.0
988,3.0
989,4.0
990,7.0
991,14.0
992,1.0
993,1.0
994,1.0
995,2.0
996,1.0
997,1.0
998,2.0
999,1.0
1000,1.0
1001,3.0
1002,13021.0
1003,6.0
1004,1.0
1005,1.0
1006,1.0
1007,55.0
1008,4.0
1009,5.0
1010,1.0
1011,2.0
1012,1.0
1013,4.0
1014,10.0
1015,1.0
1016,3.0
1017,145.0
1018,5.0
1019,1.0
1020,1.0
1021,12.0
1022,2.0
1023,1.0
1024,2.0
1025,3.0
1026,1.0
1027,2.0
1028,1.0
1029,17655.0
1030,19.0
1031,10.0
1032,9.0
1033,1.0
1034,683.0
1035,1.0
1036,5933.0
1037,1.0
1038,3.0
1039,2.0
1040,1.0
1041,1.0
1042,6.0
1043,1.0
1044,3.0
1045,2.0
1046,6.0
1047,1.0
1048,176.0
1049,5.0
1050,6.0
1051,24221.0
1052,7.0
1053,2.0
1054,3.0
1055,3.0
1056,16.0
1057,45.0
1058,16.0
1059,2.0
1060,1.0
1061,2.0
1062,3.0
1063,1.0
1064,673.0
1065,9.0
1066,2.0
1067,2.0
1068,1.0
1069,1.0
1070,417.0
1071,2.0
1072,1.0
1073,12.0
1074,67540.0
1075,17267.0
1076,36682.0
1077,11506.0
1078,4.0
1079,1.0
1080,1.0
1081,1.0
1082,4700.0
1083,2.0
1084,2.0
1085,3129.0
1086,1.0
1087,1.0
1088,3.0
1089,3.0
1090,3008.0
1091,1.0
1092,1.0
1093,6.0
1094,20.0
1095,53.0
1096,11.0
1097,19.0
1098,2.0
1099,1.0
1100,1.0
1101,1.0
1102,9478.0
1103,20.0
1104,16.0
1105,9.0
1106,1.0
1107,1.0
1108,6.0
1109,21.0
1110,5.0
1111,12.0
1112,1.0
1113,4.0
1114,5.0
1115,12.0
1116,22.0
1117,3.0
1118,5.0
1119,2.0
1120,17.0
1121,4.0
1122,117.0
1123,2287.0
1124,2.0
1125,17.0
1126,1.0
1127,1.0
1128,1.0
1129,3.0
1130,1.0
1131,5628.0
1132,1.0
1133,3.0
1134,7.0
1135,3.0
1136,1.0
1137,1.0
1138,1.0
1139,1.0
1140,1.0
1141,1.0
1142,45707.0
1143,4.0
1144,1.0
1145,1.0
1146,1.0
1147,1.0
1148,1.0
1149,9.0
1150,86.0
1151,4.0
1152,21.0
1153,6.0
1154,11.0
1155,1.0
1156,3.0
1157,1.0
1158,1.0
1159,1.0
1160,1.0
1161,3.0
1162,1786.0
1163,1.0
1164,4.0
1165,2.0
1166,1.0
1167,31.0
1168,2.0
1169,2.0
1170,1.0
1171,1.0
1172,5.0
1173,360231.0
1174,12.0
1175,1.0
1176,2.0
1177,1.0
1178,2.0
1179,1.0
1180,3.0
1181,1.0
1182,1.0
1183,7.0
1184,1.0
1185,2.0
1186,2.0
1187,1.0
1188,1.0
1189,12.0
1190,1.0
1191,1.0
1192,2.0
1193,1.0
1194,1.0
1195,1.0
1196,50157.0
1197,7.0
1198,2.0
1199,2.0
1200,1.0
1201,2.0
1202,3.0
1203,1.0
1204,367.0
1205,2.0
1206,1.0
1207,1.0
1208,1.0
1209,2.0
1210,2.0
1211,1.0
1212,16299.0
1213,49.0
1214,3.0
1215,3.0
1216,1.0
1217,1.0
1218,7.0
1219,1.0
1220,1.0
1221,8.0
1222,117.0
1223,1.0
1224,1.0
1225,723.0
1226,1.0
1227,1.0
1228,1.0
1229,1.0
1230,1.0
1231,74.0
1232,9.0
1233,1.0
1234,2.0
1235,4.0
1236,1.0
1237,1.0
1238,5.0
1239,1.0
1240,3129.0
1241,1.0
1242,1.0
1243,3.0
1244,11506.0
1245,51.0
1246,3.0
1247,1.0
1248,14.0
1249,1.0
1250,6.0
1251,1.0
1252,1.0
1253,1.0
1254,3.0
1255,2.0
1256,2.0
1257,1.0
1258,1.0
1259,47.0
1260,19.0
1261,10511.0
1262,10.0
1263,1.0
1264,4.0
1265,1.0
1266,1.0
1267,149.0
1268,13.0
1269,157.0
1270,35.0
1271,4.0
1272,2.0
1273,5.0
1274,1.0
1275,1.0
1276,1.0
1277,2.0
1278,1.0
1279,4.0
1280,1.0
1281,32.0
1282,22.0
1283,296.0
1284,9.0
1285,13.0
1286,1.0
1287,7.0
1288,1.0
1289,1.0
1290,1.0
1291,1.0
1292,1.0
1293,24.0
1294,1.0
1295,1.0
1296,1.0
1297,1.0
1298,60204.0
1299,1.0
1300,1.0
1301,1.0
1302,4.0
1303,5.0
1304,6.0
1305,7.0
1306,2.0
1307,2.0
1308,2.0
1309,1.0
1310,1.0
1311,3129.0
1312,3.0
1313,2.0
1314,1.0
1315,1.0
1316,6268.0
1317,526.0
1318,1.0
1319,579.0
1320,1.0
1321,2.0
1322,1.0
1323,6.0
1324,1.0
1325,13.0
1326,1.0
1327,1.0
1328,145.0
1329,1.0
1330,3.0
1331,1.0
1332,1.0
1333,102.0
1334,2.0
1335,383.0
1336,1.0
1337,1.0
1338,1.0
1339,1.0
1340,2.0
1341,9.0
1342,2.0
1343,2441.0
1344,1.0
1345,2.0
1346,1.0
1347,1.0
1348,3.0
1349,16.0
1350,1.0
1351,3.0
1352,1.0
1353,3.0
1354,1.0
1355,1.0
1356,4.0
1357,1.0
1358,1.0
1359,2.0
1360,5.0
1361,1.0
1362,3.0
1363,2.0
1364,1.0
1365,3.0
1366,1.0
1367,3.0
1368,2.0
1369,3.0
1370,36682.0
1371,1.0
1372,2.0
1373,11.0
1374,1.0
1375,1.0
1376,1.0
1377,2.0
1378,20270.0
1379,4.0
1380,1.0
1381,1.0
1382,1.0
1383,1.0
1384,2.0
1385,4.0
1386,1.0
1387,6.0
1388,3.0
1389,1.0
1390,8122.0
1391,1.0
1392,1.0
1393,11.0
1394,1.0
1395,726.0
1396,17655.0
1397,1.0
1398,2.0
1399,1.0
1400,1.0
1401,2.0
1402,5.0
1403,1.0
1404,2.0
1405,6.0
1406,2.0
1407,2.0
1408,1.0
1409,2.0
1410,1.0
1411,1.0
1412,2.0
1413,1.0
1414,3.0
1415,1.0
1416,1.0
1417,13.0
1418,1.0
1419,2.0
1420,9.0
1421,1.0
1422,2.0
1423,1.0
1424,417.0
1425,2.0
1426,1.0
1427,3.0
1428,1.0
1429,3.0
1430,3.0
1431,1.0
1432,4.0
1433,1.0
1434,19.0
1435,1.0
1436,1.0
1437,1.0
1438,9.0
1439,1.0
1440,13.0
1441,16.0
1442,7.0
1443,3.0
1444,2.0
1445,7.0
1446,2.0
1447,1.0
1448,1.0
1449,1.0
1450,1.0
1451,1.0
1452,1.0
1453,24.0
1454,1.0
1455,1.0
1456,11.0
1457,1.0
1458,2.0
1459,1.0
1460,2.0
1461,5.0
1462,16.0
1463,1.0
1464,22.0
1465,35.0
1466,2.0
1467,107.0
1468,2.0
1469,14164.0
1470,1.0
1471,1.0
1472,2.0
1473,121.0
1474,4.0
1475,1.0
1476,1.0
1477,1583846.0
1478,2.0
1479,30.0
1480,1.0
1481,1.0
1482,18.0
1483,1.0
1484,192.0
1485,2.0
1486,3.0
1487,3.0
1488,1.0
1489,2.0
1490,1.0
1491,43.0
1492,2.0
1493,1.0
1494,11.0
1495,1.0
1496,21.0
1497,1583846.0
1498,13.0
1499,5.0
1500,9.0
1501,1.0
1502,1.0
1503,1.0
1504,7.0
1505,1.0
1506,4.0
1507,3.0
1508,1.0
1509,5.0
1510,1.0
1511,1.0
1512,2.0
1513,2.0
1514,1.0
1515,2.0
1516,1.0
1517,1.0
1518,1.0
1519,1.0
1520,1.0
1521,1.0
1522,107.0
1523,1.0
1524,2.0
1525,4.0
1526,10.0
1527,3008.0
1528,6.0
1529,1.0
1530,2.0
1531,1.0
1532,2.0
1533,2.0
1534,1.0
1535,1.0
1536,723.0
1537,2.0
1538,3.0
1539,1.0
1540,1.0
1541,1.0
1542,14.0
1543,1.0
1544,5.0
1545,1.0
1546,1.0
1547,107.0
1548,2.0
1549,1.0
1550,7.0
1551,3.0
1552,28.0
1553,367.0
1554,1.0
1555,1.0
1556,1.0
1557,1.0
1558,1.0
1559,1.0
1560,1.0
1561,48.0
1562,1.0
1563,1.0
1564,8859.0
1565,1.0
1566,5.0
1567,1.0
1568,3.0
1569,2.0
1570,14.0
1571,1.0
1572,1.0
1573,1.0
1574,2.0
1575,2.0
1576,1.0
1577,1.0
1578,415.0
1579,69.0
1580,1.0
1581,3.0
1582,90.0
1583,31.0
1584,2.0
1585,1.0
1586,7.0
1587,1.0
1588,1.0
1589,16.0
1590,13.0
1591,10.0
1592,7905.0
1593,1.0
1594,2.0
1595,2.0
1596,6.0
1597,3.0
1598,1.0
1599,3.0
1600,1.0
1601,2.0
1602,1.0
1603,1.0
1604,3.0
1605,57.0
1606,3.0
1607,1.0
1608,1.0
1609,1.0
1610,1.0
1611,1.0
1612,3.0
1613,1.0
1614,18.0
1615,1.0
1616,4.0
1617,4.0
1618,2.0
1619,34.0
1620,1.0
1621,200.0
1622,3.0
1623,1.0
1624,1.0
1625,5.0
1626,1.0
1627,3.0
1628,1.0
1629,2.0
1630,1.0
1631,190653.0
1632,1.0
1633,20330.0
1634,1.0
1635,1.0
1636,26142.0
1637,1.0
1638,1.0
1639,16.0
1640,3.0
1641,650.0
1642,2.0
1643,1.0
1644,20.0
1645,1.0
1646,11.0
1647,5.0
1648,1.0
1649,1.0
1650,1.0
1651,1.0
1652,5.0
1653,1.0
1654,1.0
1655,313.0
1656,1.0
1657,7.0
1658,1.0
1659,1.0
1660,1.0
1661,61.0
1662,30.0
1663,1.0
1664,83.0
1665,2.0
1666,1.0
1667,1.0
1668,127.0
1669,3.0
1670,1.0
1671,1.0
1672,3.0
1673,46.0
1674,1.0
1675,1.0
1676,5.0
1677,7.0
1678,1.0
1679,31.0
1680,2642.0
1681,6.0
1682,3.0
1683,1.0
1684,1.0
1685,2.0
1686,1.0
1687,3.0
1688,5.0
1689,6.0
1690,2.0
1691,2.0
1692,9.0
1693,20.0
1694,6.0
1695,9.0
1696,1.0
1697,69.0
1698,2.0
1699,2.0
1700,2.0
1701,3039.0
1702,2.0
1703,3.0
1704,2.0
1705,5.0
1706,1.0
1707,28.0
1708,1.0
1709,3.0
1710,2722.0
1711,1.0
1712,1.0
1713,2.0
1714,1.0
1715,2.0
1716,2.0
1717,1.0
1718,367.0
1719,1946.0
1720,2.0
1721,2.0
1722,1.0
1723,2.0
1724,1.0
1725,367.0
1726,2.0
1727,1.0
1728,2.0
1729,9.0
1730,1.0
1731,1.0
1732,8.0
1733,1.0
1734,1.0
1735,1.0
1736,1294.0
1737,526.0
1738,5.0
1739,2.0
1740,4.0
1741,1.0
1742,1.0
1743,138.0
1744,1.0
1745,1.0
1746,1.0
1747,1.0
1748,2.0
1749,2.0
1750,1.0
1751,1.0
1752,17.0
1753,3.0
1754,1.0
1755,2.0
1756,124.0
1757,2.0
1758,1.0
1759,1.0
1760,367.0
1761,2.0
1762,1.0
1763,47.0
1764,12.0
1765,12.0
1766,1.0
1767,5.0
1768,1.0
1769,2.0
1770,1.0
1771,26.0
1772,4.0
1773,1.0
1774,1.0
1775,426.0
1776,17.0
1777,4.0
1778,3561.0
1779,1.0
1780,1.0
1781,1.0
1782,2.0
1783,1.0
1784,3.0
1785,17537.0
1786,1.0
1787,1.0
1788,5.0
1789,4.0
1790,2.0
1791,4.0
1792,1.0
1793,1.0
1794,1.0
1795,1.0
1796,2.0
1797,5.0
1798,3571.0
1799,21.0
1800,1.0
1801,1.0
1802,1311.0
1803,1.0
1804,1.0
1805,4.0
1806,5.0
1807,67540.0
1808,2.0
1809,1.0
1810,10.0
1811,3.0
1812,4.0
1813,8.0
1814,2.0
1815,7.0
1816,29.0
1817,68.0
1818,8942.0
1819,1.0
1820,3.0
1821,2.0
1822,22.0
1823,1.0
1824,10.0
1825,1.0
1826,1.0
1827,37185.0
1828,6175.0
1829,1.0
1830,5.0
1831,1.0
1832,1.0
1833,5.0
1834,11.0
1835,1674.0
1836,4.0
1837,1.0
1838,1.0
1839,4.0
1840,1.0
1841,1.0
1842,1.0
1843,1.0
1844,1.0
1845,5.0
1846,224.0
1847,4.0
1848,1.0
1849,1.0
1850,1.0
1851,2.0
1852,4448.0
1853,2.0
1854,1.0
1855,157.0
1856,2.0
1857,1.0
1858,1.0
1859,4.0
1860,1.0
1861,2.0
1862,3.0
1863,1.0
1864,1.0
1865,3.0
1866,1.0
1867,19.0
1868,10997.0
1869,16.0
1870,8.0
1871,2.0
1872,1.0
1873,2.0
1874,1.0
1875,3.0
1876,2.0
1877,19.0
1878,1.0
1879,1.0
1880,1.0
1881,360231.0
1882,22.0
1883,3.0
1884,1.0
1885,16.0
1886,11.0
1887,1.0
1888,1.0
1889,1.0
1890,74.0
1891,2.0
1892,10.0
1893,2.0
1894,1.0
1895,3.0
1896,7.0
1897,5.0
1898,5.0
1899,12.0
1900,26.0
1901,2.0
1902,15.0
1903,2.0
1904,1.0
1905,10.0
1906,2.0
1907,127.0
1908,20.0
1909,1.0
1910,1.0
1911,10.0
1912,1.0
1913,2.0
1914,4351.0
1915,11.0
1916,1.0
1917,3.0
1918,2.0
1919,1200.0
1920,1.0
1921,1.0
1922,11222.0
1923,1.0
1924,2.0
1925,1.0
1926,2.0
1927,1.0
1928,1049.0
1929,1.0
1930,7.0
1931,2.0
1932,4.0
1933,159.0
1934,1.0
1935,921.0
1936,2.0
1937,20.0
1938,5.0
1939,4.0
1940,1.0
1941,1.0
1942,1.0
1943,66.0
1944,4.0
1945,1.0
1946,2.0
1947,1.0
1948,1.0
1949,107.0
1950,12.0
1951,3.0
1952,1.0
1953,2.0
1954,51.0
1955,1.0
1956,27.0
1957,92.0
1958,1414.0
1959,28.0
1960,1.0
1961,1.0
1962,1.0
1963,1.0
1964,1.0
1965,17.0
1966,1.0
1967,4.0
1968,1.0
1969,3.0
1970,9.0
1971,21.0
1972,4.0
1973,7.0
1974,2.0
1975,1.0
1976,3.0
1977,1.0
1978,1.0
1979,1.0
1980,2877.0
1981,8.0
1982,5.0
1983,1.0
1984,2.0
1985,1.0
1986,1002.0
1987,91.0
1988,1.0
1989,1.0
1990,1.0
1991,1.0
1992,1.0
1993,1.0
1994,1.0
1995,2.0
1996,10832.0
1997,1.0
1998,2.0
1999,114055.0
2000,1.0
2001,2.0
2002,9.0
2003,2.0
2004,5239.0
2005,2.0
2006,4.0
2007,7.0
2008,1.0
2009,1.0
2010,1.0
2011,4.0
2012,5.0
2013,1.0
2014,1.0
2015,1.0
2016,1.0
2017,2167.0
2018,1.0
2019,4.0
2020,7.0
2021,2.0
2022,22.0
2023,8.0
2024,1.0
2025,26.0
2026,1.0
2027,108.0
2028,1.0
2029,2.0
2030,2.0
2031,1.0
2032,1.0
2033,17.0
2034,1.0
2035,2.0
2036,2.0
2037,1.0
2038,2.0
2039,1.0
2040,10.0
2041,1.0
2042,1.0
2043,3.0
2044,1.0
2045,1.0
2046,2.0
2047,1155.0
2048,1.0
2049,8.0
2050,1.0
2051,8.0
2052,1.0
2053,1.0
2054,11.0
2055,1.0
2056,1.0
2057,1.0
2058,5.0
2059,1.0
2060,1.0
2061,1.0
2062,336.0
2063,1.0
2064,1.0
2065,67540.0
2066,1.0
2067,1.0
2068,1.0
2069,3.0
2070,2.0
2071,2.0
2072,1.0
2073,3.0
2074,22.0
2075,1.0
2076,22.0
2077,7.0
2078,5.0
2079,1.0
2080,1.0
2081,1.0
2082,2.0
2083,1.0
2084,5.0
2085,3.0
2086,5.0
2087,1.0
2088,119.0
2089,1.0
2090,5.0
2091,19.0
2092,1.0
2093,8.0
2094,2.0
2095,526.0
2096,1.0
2097,2.0
2098,1.0
2099,1.0
2100,10.0
2101,2.0
2102,12142.0
2103,16.0
2104,1.0
2105,1.0
2106,1445.0
2107,1.0
2108,1.0
2109,5.0
2110,1.0
2111,1.0
2112,17267.0
2113,6.0
2114,7.0
2115,4.0
2116,8.0
2117,11.0
2118,18.0
2119,1.0
2120,2.0
2121,1.0
2122,20270.0
2123,3.0
2124,1.0
2125,1.0
2126,42.0
2127,1.0
2128,14.0
2129,3.0
2130,5.0
2131,6111.0
2132,8.0
2133,1.0
2134,8.0
2135,2.0
2136,1.0
2137,70.0
2138,8.0
2139,7.0
2140,4.0
2141,1.0
2142,2.0
2143,4.0
2144,2.0
2145,1.0
2146,1.0
2147,9.0
2148,2.0
2149,5.0
2150,1.0
2151,2.0
2152,1.0
2153,9.0
2154,1.0
2155,8.0
2156,2.0
2157,2.0
2158,7.0
2159,6.0
2160,1.0
2161,2.0
2162,1.0
2163,9.0
2164,3.0
2165,22.0
2166,35.0
2167,1.0
2168,1.0
2169,1.0
2170,5.0
2171,3008.0
2172,40.0
2173,1.0
2174,1.0
2175,35.0
2176,2.0
2177,15.0
2178,5.0
2179,1.0
2180,3.0
2181,6.0
2182,40285.0
2183,2.0
2184,1.0
2185,3.0
2186,11.0
2187,5.0
2188,1.0
2189,11.0
2190,4.0
2191,6.0
2192,2.0
2193,226.0
2194,5.0
2195,1.0
2196,1.0
2197,2.0
2198,1.0
2199,1.0
2200,1.0
2201,1.0
2202,4757.0
2203,1.0
2204,336.0
2205,3129.0
2206,9.0
2207,12465.0
2208,2.0
2209,2.0
2210,4.0
2211,3.0
2212,1.0
2213,3.0
2214,1.0
2215,9.0
2216,1.0
2217,1.0
2218,1.0
2219,107.0
2220,2.0
2221,3.0
2222,4.0
2223,4.0
2224,1.0
2225,1.0
2226,1.0
2227,1.0
2228,36.0
2229,2.0
2230,20.0
2231,17655.0
2232,3008.0
2233,1.0
2234,512.0
2235,2.0
2236,3.0
2237,10.0
2238,6.0
2239,31.0
2240,14.0
2241,30.0
2242,1.0
2243,1.0
2244,19.0
2245,1.0
2246,2.0
2247,1.0
2248,1.0
2249,3.0
2250,6.0
2251,2528.0
2252,1.0
2253,5.0
2254,6.0
2255,1.0
2256,1.0
2257,86.0
2258,1.0
2259,1.0
2260,30.0
2261,1.0
2262,1.0
2263,1.0
2264,1.0
2265,86533.0
2266,1.0
2267,2.0
2268,16.0
2269,4.0
2270,1.0
2271,1.0
2272,1.0
2273,5.0
2274,80.0
2275,1.0
2276,1.0
2277,1.0
2278,27780.0
2279,4.0
2280,4.0
2281,1674.0
2282,13.0
2283,1.0
2284,1.0
2285,3.0
2286,2.0
2287,1.0
2288,2.0
2289,1.0
2290,1.0
2291,367.0
2292,8.0
2293,31.0
2294,1.0
2295,3.0
2296,4.0
2297,5.0
2298,20.0
2299,10.0
2300,5590.0
2301,94992.0
2302,4.0
2303,8.0
2304,1.0
2305,7.0
2306,1.0
2307,11.0
2308,3.0
2309,417.0
2310,138.0
2311,2.0
2312,3.0
2313,14.0
2314,1.0
2315,7.0
2316,33.0
2317,2.0
2318,1.0
2319,1.0
2320,12.0
2321,1.0
2322,1.0
2323,6550.0
2324,28.0
2325,1.0
2326,1.0
2327,9.0
2328,1.0
2329,6.0
2330,1.0
2331,31.0
2332,1.0
2333,1.0
2334,2.0
2335,2.0
2336,1.0
2337,1.0
2338,1.0
2339,1.0
2340,1.0
2341,3.0
2342,1.0
2343,2.0
2344,11298.0
2345,683.0
2346,3.0
2347,1.0
2348,3.0
2349,2.0
2350,123.0
2351,1.0
2352,3.0
2353,3.0
2354,4.0
2355,9801.0
2356,1.0
2357,2.0
2358,1.0
2359,2.0
2360,3.0
2361,2.0
2362,10.0
2363,1.0
2364,1.0
2365,8.0
2366,2.0
2367,1.0
2368,38.0
2369,2.0
2370,33035.0
2371,1.0
2372,1.0
2373,1.0
2374,4.0
2375,2.0
2376,1.0
2377,1.0
2378,5933.0
2379,1.0
2380,3.0
2381,1.0
2382,2.0
2383,12.0
2384,22.0
2385,3.0
2386,3.0
2387,5.0
2388,1.0
2389,1.0
2390,2.0
2391,1.0
2392,1.0
2393,1.0
2394,4.0
2395,4.0
2396,1.0
2397,18.0
2398,7.0
2399,7.0
2400,1.0
2401,2.0
2402,3.0
2403,1.0
2404,1.0
2405,730.0
2406,13.0
2407,1.0
2408,1.0
2409,2.0
2410,7.0
2411,1.0
2412,3.0
2413,1.0
2414,250.0
2415,2.0
2416,2.0
2417,80.0
2418,1.0
2419,2.0
2420,1.0
2421,1.0
2422,1.0
2423,1.0
2424,13.0
2425,47.0
2426,1.0
2427,1.0
2428,1.0
2429,43534.0
2430,2.0
2431,3.0
2432,4.0
2433,1.0
2434,56.0
2435,4.0
2436,25.0
2437,4.0
2438,1.0
2439,1.0
2440,4.0
2441,25414.0
2442,13.0
2443,7.0
2444,2.0
2445,3.0
2446,1.0
2447,4.0
2448,1.0
2449,3.0
2450,1.0
2451,1.0
2452,24.0
2453,1.0
2454,1.0
2455,1.0
2456,3.0
2457,2.0
2458,1.0
2459,1.0
2460,1.0
2461,10.0
2462,8.0
2463,2.0
2464,2032.0
2465,1.0
2466,1.0
2467,1.0
2468,1.0
2469,1.0
2470,1.0
2471,2.0
2472,3.0
2473,35.0
2474,354.0
2475,1.0
2476,2.0
2477,1.0
2478,3.0
2479,20330.0
2480,5.0
2481,1.0
2482,1.0
2483,3.0
2484,1.0
2485,1.0
2486,1.0
2487,2.0
2488,1.0
2489,1.0
2490,1.0
2491,47.0
2492,12.0
2493,2.0
2494,2.0
2495,2287.0
2496,1.0
2497,1.0
2498,306.0
2499,2.0
2500,7.0
2501,1.0
2502,3.0
2503,1.0
2504,1.0
2505,1.0
2506,1.0
2507,5.0
2508,1.0
2509,4.0
2510,1.0
2511,2.0
2512,1.0
2513,1.0
2514,1.0
2515,138.0
2516,4.0
2517,1.0
2518,1.0
2519,6.0
2520,1.0
2521,7.0
2522,2.0
2523,4.0
2524,3.0
2525,3.0
2526,1.0
2527,1.0
2528,19.0
2529,7.0
2530,1583846.0
2531,3.0
2532,18.0
2533,8.0
2534,1.0
2535,5.0
2536,4.0
2537,1368.0
2538,32.0
2539,2.0
2540,187010.0
2541,1.0
2542,1.0
2543,11.0
2544,5.0
2545,3.0
2546,2.0
2547,1.0
2548,1.0
2549,4792.0
2550,88.0
2551,2.0
2552,2.0
2553,1.0
2554,4.0
2555,13.0
2556,1.0
2557,61277.0
2558,1.0
2559,49.0
2560,1.0
2561,48626.0
2562,1.0
2563,1.0
2564,1.0
2565,4.0
2566,31.0
2567,23.0
2568,2.0
2569,1.0
2570,31.0
2571,1.0
2572,1.0
2573,2.0
2574,2.0
2575,12.0
2576,1.0
2577,5.0
2578,1147.0
2579,3.0
2580,4.0
2581,1.0
2582,6.0
2583,15.0
2584,5687.0
2585,1.0
2586,1.0
2587,3.0
2588,7.0
2589,1.0
2590,205.0
2591,2.0
2592,2.0
2593,1.0
2594,1.0
2595,18.0
2596,1.0
2597,417.0
2598,4.0
2599,498.0
2600,1.0
2601,2.0
2602,6.0
2603,2.0
2604,3.0
2605,3.0
2606,12987.0
2607,2.0
2608,6.0
2609,4.0
2610,3.0
2611,2.0
2612,1.0
2613,48639.0
2614,1.0
2615,10997.0
2616,2.0
2617,2167.0
2618,11.0
2619,4.0
2620,13.0
2621,1.0
2622,4.0
2623,5.0
2624,1.0
2625,1.0
2626,1.0
2627,1.0
2628,217.0
2629,1.0
2630,1.0
2631,2.0
2632,6.0
2633,2.0
2634,367.0
2635,1.0
2636,2.0
2637,335.0
2638,1.0
2639,4.0
2640,1.0
2641,1.0
2642,1.0
2643,1.0
2644,1.0
2645,2268.0
2646,8.0
2647,7.0
2648,7.0
2649,10906.0
2650,2.0
2651,2.0
2652,1.0
2653,3.0
2654,5.0
2655,13.0
2656,23.0
2657,2.0
2658,12.0
2659,11.0
2660,1.0
2661,417.0
2662,10.0
2663,1.0
2664,1.0
2665,2.0
2666,5.0
2667,1.0
2668,1.0
2669,4.0
2670,5933.0
2671,1.0
2672,12.0
2673,1.0
2674,3.0
2675,1.0
2676,1.0
2677,1.0
2678,3.0
2679,2.0
2680,2.0
2681,1.0
2682,2.0
2683,146.0
2684,4.0
2685,1.0
2686,1.0
2687,2.0
2688,3.0
2689,11.0
2690,723.0
2691,1.0
2692,1.0
2693,1.0
2694,20.0
2695,1907.0
2696,11.0
2697,2.0
2698,1.0
2699,2.0
2700,1.0
2701,1.0
2702,1.0
2703,2.0
2704,10.0
2705,3.0
2706,1.0
2707,7.0
2708,1.0
2709,8.0
2710,3.0
2711,5.0
2712,3.0
2713,1.0
2714,3.0
2715,5.0
2716,13021.0
2717,1.0
2718,1.0
2719,3505.0
2720,123.0
2721,4.0
2722,6.0
2723,1.0
2724,14.0
2725,2.0
2726,1.0
2727,1.0
2728,5.0
2729,1.0
2730,1.0
2731,1.0
2732,1.0
2733,1.0
2734,1.0
2735,152.0
2736,1.0
2737,1.0
2738,190.0
2739,34.0
2740,2.0
2741,3.0
2742,1.0
2743,10.0
2744,2.0
2745,1.0
2746,1.0
2747,9.0
2748,9596.0
2749,1.0
2750,1.0
2751,4.0
2752,12.0
2753,1.0
2754,12.0
2755,2.0
2756,673.0
2757,1.0
2758,1.0
2759,1185.0
2760,1.0
2761,1.0
2762,54.0
2763,82.0
2764,3296.0
2765,26.0
2766,1.0
2767,1.0
2768,2.0
2769,1.0
2770,1.0
2771,3.0
2772,1.0
2773,1.0
2774,1.0
2775,77.0
2776,1.0
2777,1.0
2778,6.0
2779,4.0
2780,2.0
2781,1.0
2782,2.0
2783,6.0
2784,2.0
2785,3.0
2786,1.0
2787,1.0
2788,2.0
2789,1.0
2790,827.0
2791,2.0
2792,38264.0
2793,1.0
2794,14.0
2795,3.0
2796,1.0
2797,2.0
2798,1.0
2799,1.0
2800,1.0
2801,1.0
2802,2.0
2803,1.0
2804,1.0
2805,1.0
2806,2.0
2807,1.0
2808,2.0
2809,2.0
2810,1.0
2811,2.0
2812,1.0
2813,1.0
2814,2118.0
2815,1.0
2816,1.0
2817,1.0
2818,1.0
2819,2.0
2820,1.0
2821,1.0
2822,6.0
2823,1.0
2824,1.0
2825,2.0
2826,1.0
2827,940.0
2828,27.0
2829,1.0
2830,20.0
2831,17.0
2832,1.0
2833,23.0
2834,3.0
2835,7.0
2836,1.0
2837,1.0
2838,4245.0
2839,1.0
2840,1.0
2841,3.0
2842,2441.0
2843,1.0
2844,6.0
2845,1.0
2846,3.0
2847,1.0
2848,2.0
2849,2.0
2850,3.0
2851,1.0
2852,1.0
2853,335.0
2854,3.0
2855,1.0
2856,25.0
2857,1.0
2858,2032.0
2859,1.0
2860,1.0
2861,1.0
2862,2.0
2863,1.0
2864,1.0
2865,1.0
2866,1.0
2867,27780.0
2868,60204.0
2869,2.0
2870,1.0
2871,15.0
2872,6.0
2873,5.0
2874,55.0
2875,367.0
2876,4.0
2877,1.0
2878,1.0
2879,11.0
2880,1.0
2881,1.0
2882,1.0
2883,7221.0
2884,5.0
2885,7.0
2886,1.0
2887,9.0
2888,796.0
2889,1.0
2890,8.0
2891,1.0
2892,38264.0
2893,36.0
2894,1.0
2895,1.0
2896,51.0
2897,2.0
2898,10906.0
2899,2.0
2900,1.0
2901,6090.0
2902,1.0
2903,2.0
2904,2.0
2905,2.0
2906,2.0
2907,1.0
2908,3464.0
2909,2.0
2910,20.0
2911,19754.0
2912,1.0
2913,1.0
2914,16.0
2915,27.0
2916,4.0
2917,18.0
2918,27780.0
2919,3102.0
2920,1.0
2921,324.0
2922,127.0
2923,1.0
2924,1497349.0
2925,3571.0
2926,3.0
2927,1.0
2928,3464.0
2929,8.0
2930,4011.0
2931,4.0
2932,48.0
2933,1.0
2934,1.0
2935,1.0
2936,1.0
2937,1.0
2938,3.0
2939,15.0
2940,3.0
2941,3.0
2942,7.0
2943,3.0
2944,5.0
2945,1.0
2946,1.0
2947,12.0
2948,5.0
2949,1.0
2950,5.0
2951,67540.0
2952,2.0
2953,1.0
2954,4.0
2955,88.0
2956,1.0
2957,2.0
2958,24.0
2959,1.0
2960,1.0
2961,2.0
2962,63.0
2963,2.0
2964,1.0
2965,1.0
2966,6.0
2967,1.0
2968,2.0
2969,6.0
2970,1.0
2971,336.0
2972,1.0
2973,17.0
2974,1.0
2975,27.0
2976,1.0
2977,6.0
2978,1.0
2979,1.0
2980,19.0
2981,1.0
2982,1.0
2983,1.0
2984,1.0
2985,1.0
2986,27.0
2987,1.0
2988,1.0
2989,5.0
2990,23.0
2991,1.0
2992,2.0
2993,2.0
2994,1.0
2995,1.0
2996,6.0
2997,4.0
2998,1.0
2999,1.0
3000,1.0
3001,78.0
3002,1.0
3003,4.0
3004,5.0
3005,2.0
3006,1.0
3007,3.0
3008,1.0
3009,1.0
3010,1.0
3011,1.0
3012,2.0
3013,1.0
3014,3.0
3015,1.0
3016,290.0
3017,1.0
3018,31.0
3019,2.0
3020,1.0
3021,207712.0
3022,1.0
3023,1.0
3024,1.0
3025,5.0
3026,2.0
3027,5.0
3028,23.0
3029,1.0
3030,60204.0
3031,1.0
3032,1.0
3033,1.0
3034,42.0
3035,75.0
3036,1.0
3037,1.0
3038,1.0
3039,1.0
3040,2.0
3041,1.0
3042,2.0
3043,1.0
3044,19.0
3045,1.0
3046,107.0
3047,2.0
3048,34.0
3049,1.0
3050,2.0
3051,1.0
3052,15.0
3053,1.0
3054,1.0
3055,1.0
3056,27.0
3057,1.0
3058,3.0
3059,4.0
3060,1.0
3061,1.0
3062,31.0
3063,1.0
3064,2.0
3065,2.0
3066,1.0
3067,2.0
3068,3.0
3069,1.0
3070,1.0
3071,1.0
3072,1.0
3073,1.0
3074,4.0
3075,1.0
3076,1.0
3077,10.0
3078,1.0
3079,4.0
3080,1.0
3081,5.0
3082,4.0
3083,1.0
3084,1.0
3085,1.0
3086,3.0
3087,1.0
3088,5.0
3089,3.0
3090,1.0
3091,1.0
3092,2.0
3093,1.0
3094,2.0
3095,1.0
3096,1.0
3097,17.0
3098,2.0
3099,8.0
3100,1.0
3101,1.0
3102,6.0
3103,66.0
3104,49.0
3105,12781.0
3106,11.0
3107,48639.0
3108,5.0
3109,2.0
3110,2.0
3111,1.0
3112,1.0
3113,6.0
3114,1.0
3115,1.0
3116,4.0
3117,2.0
3118,1.0
3119,1.0
3120,1.0
3121,74.0
3122,5.0
3123,1.0
3124,1.0
3125,1907.0
3126,1.0
3127,4.0
3128,1.0
3129,2.0
3130,1.0
3131,1.0
3132,1.0
3133,14.0
3134,7.0
3135,1.0
3136,3.0
3137,2.0
3138,5306.0
3139,1.0
3140,1.0
3141,1.0
3142,1.0
3143,1.0
3144,1.0
3145,1.0
3146,38.0
3147,1.0
3148,1497349.0
3149,4011.0
3150,1.0
3151,1.0
3152,10.0
3153,1.0
3154,4.0
3155,1.0
3156,2.0
3157,6.0
3158,16.0
3159,3.0
3160,1.0
3161,1.0
3162,1.0
3163,2.0
3164,1.0
3165,1.0
3166,1.0
3167,1.0
3168,1.0
3169,2.0
3170,1.0
3171,1.0
3172,7.0
3173,4.0
3174,4.0
3175,49.0
3176,40.0
3177,7221.0
3178,23.0
3179,2.0
3180,3.0
3181,3.0
3182,3.0
3183,2395.0
3184,2.0
3185,1.0
3186,10.0
3187,1.0
3188,2.0
3189,796.0
3190,1.0
3191,1.0
3192,27.0
3193,1.0
3194,1.0
3195,1.0
3196,1.0
3197,1414.0
3198,1.0
3199,2.0
3200,1.0
3201,7.0
3202,1.0
3203,15754.0
3204,4.0
3205,4011.0
3206,7.0
3207,1.0
3208,15.0
3209,1.0
3210,1.0
3211,1329.0
3212,1.0
3213,1.0
3214,1.0
3215,5.0
3216,1.0
3217,2.0
3218,1.0
3219,1.0
3220,8.0
3221,1.0
3222,1.0
3223,5.0
3224,1.0
3225,26.0
3226,5.0
3227,1.0
3228,1.0
3229,1.0
3230,1.0
3231,6.0
3232,17655.0
3233,3.0
3234,19.0
3235,1.0
3236,2.0
3237,2.0
3238,23.0
3239,34.0
3240,1.0
3241,1.0
3242,1.0
3243,3008.0
3244,2.0
3245,11.0
3246,23.0
3247,5.0
3248,15.0
3249,6550.0
3250,2.0
3251,1.0
3252,2.0
3253,1.0
3254,3.0
3255,1.0
3256,1.0
3257,1.0
3258,12.0
3259,9.0
3260,1.0
3261,1.0
3262,1.0
3263,1.0
3264,15.0
3265,2.0
3266,4.0
3267,6.0
3268,1.0
3269,1.0
3270,1.0
3271,2.0
3272,1.0
3273,1112.0
3274,1.0
3275,1.0
3276,4.0
3277,1.0
3278,10.0
3279,3.0
3280,32.0
3281,1.0
3282,714.0
3283,8.0
3284,1.0
3285,9.0
3286,1.0
3287,35.0
3288,7.0
3289,2.0
3290,1.0
3291,1.0
3292,704516.0
3293,13.0
3294,37.0
3295,1.0
3296,1.0
3297,1.0
3298,1.0
3299,130501.0
3300,1.0
3301,1.0
3302,19.0
3303,1.0
3304,1.0
3305,6.0
3306,2.0
3307,27.0
3308,4.0
3309,1.0
3310,1.0
3311,6.0
3312,4.0
3313,377.0
3314,1.0
3315,1.0
3316,1.0
3317,8.0
3318,2.0
3319,4.0
3320,2.0
3321,1.0
3322,1.0
3323,1.0
3324,175.0
3325,9801.0
3326,2.0
3327,1.0
3328,8.0
3329,12.0
3330,8.0
3331,1.0
3332,7.0
3333,24.0
3334,1.0
3335,3.0
3336,1.0
3337,2.0
3338,1.0
3339,1.0
3340,1.0
3341,1.0
3342,12.0
3343,1.0
3344,1.0
3345,3.0
3346,1.0
3347,32.0
3348,1.0
3349,1.0
3350,1.0
3351,1.0
3352,1.0
3353,1.0
3354,1.0
3355,16.0
3356,23.0
3357,4.0
3358,1.0
3359,27.0
3360,1002.0
3361,2.0
3362,1.0
3363,2.0
3364,3.0
3365,1.0
3366,2287.0
3367,1.0
3368,2.0
3369,2.0
3370,1.0
3371,1.0
3372,1.0
3373,1.0
3374,1.0
3375,1.0
3376,1.0
3377,36682.0
3378,8.0
3379,27.0
3380,1.0
3381,4.0
3382,3.0
3383,1.0
3384,19.0
3385,3.0
3386,4.0
3387,3.0
3388,12.0
3389,3.0
3390,367.0
3391,1.0
3392,1.0
3393,12.0
3394,5.0
3395,4.0
3396,1.0
3397,181.0
3398,2.0
3399,2.0
3400,14.0
3401,12.0
3402,1.0
3403,1.0
3404,1.0
3405,1.0
3406,187010.0
3407,1.0
3408,4.0
3409,1.0
3410,2.0
3411,1.0
3412,1.0
3413,16.0
3414,14.0
3415,1.0
3416,1.0
3417,1.0
3418,1.0
3419,2.0
3420,21.0
3421,1.0
3422,2.0
3423,1.0
3424,51.0
3425,2.0
3426,15.0
3427,1.0
3428,1.0
3429,1.0
3430,1.0
3431,70069.0
3432,1.0
3433,42891.0
3434,11.0
3435,5.0
3436,2.0
3437,1.0
3438,135.0
3439,2877.0
3440,15.0
3441,4.0
3442,5.0
3443,11.0
3444,1.0
3445,1.0
3446,6946.0
3447,2.0
3448,1.0
3449,2.0
3450,1.0
3451,4.0
3452,6.0
3453,4.0
3454,12.0
3455,1.0
3456,1.0
3457,5.0
3458,4.0
3459,1.0
3460,5881.0
3461,2.0
3462,1.0
3463,1.0
3464,1.0
3465,15754.0
3466,1.0
3467,4.0
3468,5478.0
3469,1.0
3470,1.0
3471,1.0
3472,2.0
3473,3.0
3474,1.0
3475,1.0
3476,1.0
3477,152.0
3478,55663.0
3479,70.0
3480,336.0
3481,60.0
3482,9.0
3483,1.0
3484,2.0
3485,1.0
3486,6.0
3487,8.0
3488,4.0
3489,1.0
3490,4.0
3491,1.0
3492,1.0
3493,3.0
3494,28.0
3495,1497349.0
3496,5.0
3497,1.0
3498,3.0
3499,8.0
3500,1.0
3501,1.0
3502,1.0
3503,4.0
3504,1.0
3505,1.0
3506,5.0
3507,1.0
3508,2.0
3509,1.0
3510,1.0
3511,3.0
3512,3.0
3513,7.0
3514,7.0
3515,17.0
3516,1.0
3517,1.0
3518,145.0
3519,2.0
3520,827.0
3521,1.0
3522,1.0
3523,1.0
3524,1.0
3525,11.0
3526,4.0
3527,3.0
3528,4.0
3529,431.0
3530,3.0
3531,1.0
3532,2.0
3533,2.0
3534,21127.0
3535,1.0
3536,23.0
3537,4.0
3538,3.0
3539,17537.0
3540,1863.0
3541,2.0
3542,6550.0
3543,1.0
3544,1.0
3545,15.0
3546,2.0
3547,417.0
3548,9.0
3549,191.0
3550,1.0
3551,46.0
3552,10.0
3553,1.0
3554,92.0
3555,5.0
3556,4.0
3557,3.0
3558,2.0
3559,5860.0
3560,7.0
3561,18.0
3562,1.0
3563,2.0
3564,5.0
3565,1.0
3566,2.0
3567,250.0
3568,1.0
3569,1.0
3570,3.0
3571,2.0
3572,2.0
3573,1.0
3574,1.0
3575,2.0
3576,3.0
3577,1.0
3578,2.0
3579,2167.0
3580,2.0
3581,1.0
3582,2.0
3583,2.0
3584,2.0
3585,3.0
3586,4.0
3587,1.0
3588,4.0
3589,2.0
3590,5.0
3591,34.0
3592,1.0
3593,5239.0
3594,1.0
3595,2.0
3596,3.0
3597,7.0
3598,3.0
3599,49.0
3600,1.0
3601,14.0
3602,1.0
3603,1.0
3604,1.0
3605,36.0
3606,1.0
3607,1.0
3608,1.0
3609,127.0
3610,1.0
3611,2.0
3612,1.0
3613,1.0
3614,1863.0
3615,1.0
3616,1.0
3617,2.0
3618,1.0
3619,31.0
3620,1.0
3621,1.0
3622,1.0
3623,1.0
3624,1.0
3625,1.0
3626,2.0
3627,171.0
3628,1.0
3629,1.0
3630,2.0
3631,1.0
3632,1.0
3633,2370.0
3634,4.0
3635,1.0
3636,24.0
3637,1.0
3638,1.0
3639,5.0
3640,26.0
3641,3.0
3642,1.0
3643,3.0
3644,18.0
3645,1.0
3646,2395.0
3647,7.0
3648,1.0
3649,2.0
3650,1.0
3651,2.0
3652,1.0
3653,2.0
3654,53.0
3655,2.0
3656,6.0
3657,13.0
3658,73.0
3659,1.0
3660,6.0
3661,58.0
3662,55.0
3663,1.0
3664,4.0
3665,8.0
3666,1.0
3667,157.0
3668,2.0
3669,24.0
3670,2.0
3671,2.0
3672,1.0
3673,5.0
3674,14.0
3675,1.0
3676,5.0
3677,2.0
3678,1.0
3679,31229.0
3680,2.0
3681,1.0
3682,2.0
3683,1.0
3684,1.0
3685,4.0
3686,2.0
3687,1.0
3688,1.0
3689,1.0
3690,2.0
3691,1.0
3692,2.0
3693,7.0
3694,1.0
3695,27780.0
3696,6.0
3697,3.0
3698,1.0
3699,1.0
3700,7.0
3701,1.0
3702,3.0
3703,1.0
3704,2.0
3705,1.0
3706,1049.0
3707,1.0
3708,37.0
3709,2.0
3710,1.0
3711,1.0
3712,1.0
3713,13.0
3714,1.0
3715,8.0
3716,1.0
3717,1.0
3718,940.0
3719,1.0
3720,1.0
3721,2.0
3722,1.0
3723,1.0
3724,11.0
3725,5.0
3726,88.0
3727,1.0
3728,2.0
3729,1311.0
3730,1.0
3731,32.0
3732,33.0
3733,1.0
3734,6.0
3735,1.0
3736,3.0
3737,1583846.0
3738,6.0
3739,1.0
3740,7.0
3741,13.0
3742,3.0
3743,2.0
3744,3.0
3745,1.0
3746,6.0
3747,1.0
3748,1.0
3749,2.0
3750,1.0
3751,1.0
3752,3008.0
3753,1.0
3754,1.0
3755,119.0
3756,13.0
3757,3.0
3758,2.0
3759,71.0
3760,2.0
3761,2.0
3762,14.0
3763,42.0
3764,1.0
3765,1.0
3766,175.0
3767,1.0
3768,2.0
3769,1.0
3770,1.0
3771,2.0
3772,324.0
3773,1.0
3774,3.0
3775,1.0
3776,3.0
3777,1.0
3778,8.0
3779,14.0
3780,1.0
3781,3.0
3782,2528.0
3783,1.0
3784,2.0
3785,1.0
3786,48.0
3787,1.0
3788,3.0
3789,1.0
3790,1.0
3791,5.0
3792,1.0
3793,2.0
3794,1.0
3795,27.0
3796,10.0
3797,1.0
3798,1.0
3799,6.0
3800,1.0
3801,1.0
3802,1.0
3803,60204.0
3804,5.0
3805,2.0
3806,1.0
3807,1.0
3808,1.0
3809,4835.0
3810,6.0
3811,41047.0
3812,2.0
3813,61277.0
3814,1.0
3815,176.0
3816,5.0
3817,2.0
3818,2.0
3819,1.0
3820,1.0
3821,239.0
3822,16.0
3823,1.0
3824,1.0
3825,1.0
3826,3.0
3827,1.0
3828,1.0
3829,1.0
3830,34.0
3831,2.0
3832,1.0
3833,2.0
3834,3.0
3835,1.0
3836,1.0
3837,1.0
3838,1.0
3839,3.0
3840,117.0
3841,2.0
3842,1.0
3843,1185.0
3844,196.0
3845,1.0
3846,2.0
3847,15.0
3848,4.0
3849,2.0
3850,2.0
3851,3.0
3852,4.0
3853,2.0
3854,1.0
3855,4.0
3856,1.0
3857,6.0
3858,2.0
3859,1.0
3860,1.0
3861,2167.0
3862,1.0
3863,1.0
3864,1.0
3865,7.0
3866,4.0
3867,1.0
3868,7.0
3869,3.0
3870,12.0
3871,2.0
3872,36.0
3873,2.0
3874,2.0
3875,1.0
3876,1.0
3877,2.0
3878,2.0
3879,3.0
3880,1.0
3881,31.0
3882,1.0
3883,2.0
3884,2.0
3885,1.0
3886,5.0
3887,1.0
3888,1.0
3889,785.0
3890,1.0
3891,1.0
3892,1.0
3893,1.0
3894,7.0
3895,1.0
3896,4.0
3897,3.0
3898,9.0
3899,11.0
3900,1.0
3901,2425.0
3902,2032.0
3903,2.0
3904,1.0
3905,1.0
3906,3.0
3907,1.0
3908,13.0
3909,1.0
3910,1.0
3911,3.0
3912,249.0
3913,1.0
3914,1.0
3915,1.0
3916,6175.0
3917,1.0
3918,47.0
3919,75.0
3920,1.0
3921,1.0
3922,14.0
3923,1.0
3924,1.0
3925,15.0
3926,1.0
3927,49.0
3928,2.0
3929,40.0
3930,1.0
3931,1.0
3932,1.0
3933,417.0
3934,1.0
3935,1.0
3936,5.0
3937,2.0
3938,3.0
3939,2.0
3940,1.0
3941,14863.0
3942,1.0
3943,7.0
3944,49.0
3945,1.0
3946,2.0
3947,39.0
3948,1.0
3949,4794.0
3950,1.0
3951,1.0
3952,152.0
3953,2.0
3954,1.0
3955,5.0
3956,1.0
3957,8.0
3958,2.0
3959,2.0
3960,13.0
3961,4011.0
3962,1.0
3963,1.0
3964,1246.0
3965,1.0
3966,1.0
3967,3.0
3968,12.0
3969,208.0
3970,20.0
3971,4.0
3972,1.0
3973,2.0
3974,1.0
3975,10.0
3976,2.0
3977,1.0
3978,1.0
3979,3.0
3980,1.0
3981,23.0
3982,6.0
3983,1909.0
3984,2.0
3985,1.0
3986,3.0
3987,1.0
3988,11.0
3989,1.0
3990,1.0
3991,3.0
3992,13.0
3993,15.0
3994,1.0
3995,1.0
3996,18.0
3997,1.0
3998,2.0
3999,2.0
4000,1.0
4001,1.0
4002,3.0
4003,3.0
4004,30.0
4005,4.0
4006,1.0
4007,442.0
4008,1.0
4009,1.0
4010,1.0
4011,3.0
4012,82.0
4013,1.0
4014,1.0
4015,1.0
4016,1.0
4017,1.0
4018,1.0
4019,1.0
4020,1.0
4021,1.0
4022,49.0
4023,2.0
4024,1.0
4025,1.0
4026,11.0
4027,6.0
4028,1.0
4029,196.0
4030,1.0
4031,17.0
4032,48.0
4033,36682.0
4034,1.0
4035,51.0
4036,17.0
4037,2.0
4038,1.0
4039,2.0
4040,1.0
4041,5.0
4042,29.0
4043,6330.0
4044,1.0
4045,4.0
4046,1.0
4047,1.0
4048,1.0
4049,4.0
4050,8.0
4051,4.0
4052,17.0
4053,1.0
4054,1.0
4055,4.0
4056,1.0
4057,11.0
4058,1.0
4059,1.0
4060,1.0
4061,3.0
4062,1.0
4063,2.0
4064,1.0
4065,15.0
4066,5.0
4067,1.0
4068,1.0
4069,2.0
4070,1.0
4071,4.0
4072,67540.0
4073,5.0
4074,32461.0
4075,3.0
4076,1.0
4077,1.0
4078,31.0
4079,5247.0
4080,1.0
4081,2.0
4082,9.0
4083,1.0
4084,1.0
4085,1.0
4086,45.0
4087,1.0
4088,9936.0
4089,12.0
4090,1.0
4091,9.0
4092,3.0
4093,1.0
4094,367.0
4095,2.0
4096,1.0
4097,13227.0
4098,18.0
4099,1.0
4100,2.0
4101,2.0
4102,3.0
4103,37185.0
4104,367.0
4105,1.0
4106,4.0
4107,6.0
4108,2.0
4109,1.0
4110,2.0
4111,1.0
4112,2.0
4113,2.0
4114,2.0
4115,2.0
4116,1.0
4117,1.0
4118,1.0
4119,16.0
4120,7.0
4121,2.0
4122,1.0
4123,726.0
4124,3.0
4125,1.0
4126,31.0
4127,1.0
4128,4794.0
4129,9.0
4130,6550.0
4131,41.0
4132,3.0
4133,2.0
4134,1.0
4135,1.0
4136,417.0
4137,25414.0
4138,1.0
4139,12.0
4140,80.0
4141,1.0
4142,1.0
4143,18.0
4144,1.0
4145,3.0
4146,3.0
4147,1.0
4148,8.0
4149,1.0
4150,1.0
4151,1.0
4152,5.0
4153,1.0
4154,11.0
4155,2.0
4156,1.0
4157,3105.0
4158,1.0
4159,2.0
4160,2.0
4161,1.0
4162,1.0
4163,1.0
4164,1.0
4165,338.0
4166,36.0
4167,2.0
4168,1445.0
4169,1.0
4170,3.0
4171,27.0
4172,1.0
4173,1.0
4174,3.0
4175,6550.0
4176,2.0
4177,1.0
4178,1.0
4179,3151.0
4180,6.0
4181,1.0
4182,31.0
4183,5.0
4184,1.0
4185,1.0
4186,4.0
4187,1.0
4188,4.0
4189,2.0
4190,1.0
4191,1.0
4192,2.0
4193,23.0
4194,2.0
4195,1.0
4196,3.0
4197,1.0
4198,40.0
4199,1.0
4200,1.0
4201,17537.0
4202,1.0
4203,1.0
4204,2.0
4205,3.0
4206,6.0
4207,13.0
4208,1.0
4209,1.0
4210,1.0
4211,1.0
4212,1.0
4213,1.0
4214,1.0
4215,2.0
4216,4.0
4217,9.0
4218,1.0
4219,940.0
4220,2.0
4221,1.0
4222,2722.0
4223,1.0
4224,7.0
4225,5.0
4226,4.0
4227,1.0
4228,7.0
4229,6.0
4230,1.0
4231,3.0
4232,3.0
4233,9348.0
4234,38264.0
4235,1.0
4236,367.0
4237,5.0
4238,1.0
4239,1.0
4240,1.0
4241,4.0
4242,200.0
4243,1.0
4244,3.0
4245,1.0
4246,12.0
4247,2.0
4248,9.0
4249,1.0
4250,7.0
4251,1.0
4252,2.0
4253,4.0
4254,2.0
4255,3.0
4256,19.0
4257,827.0
4258,3.0
4259,22.0
4260,2.0
4261,1.0
4262,426.0
4263,19.0
4264,1.0
4265,1.0
4266,1.0
4267,8.0
4268,1.0
4269,1.0
4270,4.0
4271,19.0
4272,21.0
4273,5.0
4274,5.0
4275,1.0
4276,5.0
4277,1.0
4278,7.0
4279,1.0
4280,32.0
4281,31.0
4282,1.0
4283,1.0
4284,1.0
4285,1.0
4286,1.0
4287,4.0
4288,19.0
4289,32.0
4290,3.0
4291,1.0
4292,1.0
4293,1.0
4294,1.0
4295,1.0
4296,2.0
4297,8.0
4298,1.0
4299,12142.0
4300,1.0
4301,2.0
4302,1.0
4303,1.0
4304,7.0
4305,2.0
4306,2.0
4307,1.0
4308,1.0
4309,1.0
4310,14.0
4311,1.0
4312,6.0
4313,123.0
4314,1.0
4315,6.0
4316,1.0
4317,1.0
4318,1.0
4319,1.0
4320,7.0
4321,14.0
4322,7.0
4323,41.0
4324,1.0
4325,3.0
4326,1.0
4327,3129.0
4328,1.0
4329,2.0
4330,1.0
4331,1.0
4332,11.0
4333,19.0
4334,192.0
4335,8.0
4336,1.0
4337,1.0
4338,4.0
4339,1.0
4340,1.0
4341,2.0
4342,8.0
4343,1.0
4344,1567.0
4345,2.0
4346,1.0
4347,10.0
4348,1.0
4349,23.0
4350,8.0
4351,1.0
4352,1.0
4353,8.0
4354,113.0
4355,25414.0
4356,14.0
4357,5.0
4358,5.0
4359,1.0
4360,1.0
4361,5.0
4362,1.0
4363,3.0
4364,2.0
4365,8.0
4366,1.0
4367,5.0
4368,11.0
4369,1.0
4370,1.0
4371,2.0
4372,1.0
4373,1.0
4374,1.0
4375,1.0
4376,19.0
4377,1.0
4378,2.0
4379,5.0
4380,1.0
4381,18.0
4382,16.0
4383,1.0
4384,2.0
4385,1.0
4386,1.0
4387,1.0
4388,1.0
4389,1.0
4390,47.0
4391,1.0
4392,15.0
4393,367.0
4394,3.0
4395,1.0
4396,191.0
4397,1.0
4398,1.0
4399,3.0
4400,1.0
4401,1.0
4402,10.0
4403,1.0
4404,4.0
4405,4.0
4406,22.0
4407,13.0
4408,1.0
4409,1.0
4410,1.0
4411,2.0
4412,28.0
4413,22.0
4414,1.0
4415,1151.0
4416,7.0
4417,28.0
4418,1.0
4419,1.0
4420,4.0
4421,27.0
4422,3.0
4423,36682.0
4424,7.0
4425,1.0
4426,4.0
4427,5747.0
4428,1.0
4429,3.0
4430,2.0
4431,138.0
4432,2.0
4433,1.0
4434,3.0
4435,1.0
4436,1.0
4437,2.0
4438,1.0
4439,3.0
4440,1.0
4441,187010.0
4442,1.0
4443,249.0
4444,458.0
4445,6.0
4446,1.0
4447,2.0
4448,1.0
4449,2.0
4450,1.0
4451,3.0
4452,2.0
4453,2.0
4454,2.0
4455,1.0
4456,2.0
4457,2.0
4458,1.0
4459,12987.0
4460,2.0
4461,2.0
4462,2.0
4463,1.0
4464,1.0
4465,1.0
4466,2.0
4467,2.0
4468,1.0
4469,3.0
4470,1.0
4471,1.0
4472,2287.0
4473,273.0
4474,123.0
4475,11.0
4476,1.0
4477,23.0
4478,5.0
4479,6175.0
4480,1.0
4481,3.0
4482,1.0
4483,4.0
4484,9.0
4485,1.0
4486,16.0
4487,3.0
4488,1.0
4489,1.0
4490,1.0
4491,13.0
4492,10.0
4493,72.0
4494,17.0
4495,1.0
4496,1.0
4497,9.0
4498,21.0
4499,16.0
4500,1.0
4501,11.0
4502,1.0
4503,1.0
4504,9312.0
4505,4.0
4506,2.0
4507,30.0
4508,1.0
4509,2.0
4510,1.0
4511,1.0
4512,1.0
4513,28.0
4514,12.0
4515,1.0
4516,171.0
4517,12.0
4518,1.0
4519,2.0
4520,1.0
4521,1.0
4522,1.0
4523,3.0
4524,27.0
4525,9.0
4526,1.0
4527,2.0
4528,5.0
4529,123201.0
4530,1.0
4531,1.0
4532,1.0
4533,1.0
4534,25.0
4535,1.0
4536,1.0
4537,1.0
4538,2.0
4539,1.0
4540,8062.0
4541,1.0
4542,1.0
4543,3.0
4544,1.0
4545,1.0
4546,1.0
4547,8.0
4548,2.0
4549,9.0
4550,3.0
4551,1.0
4552,1294.0
4553,19754.0
4554,1.0
4555,1.0
4556,2.0
4557,8.0
4558,1.0
4559,5.0
4560,5.0
4561,11.0
4562,2.0
4563,27780.0
4564,1.0
4565,67985.0
4566,1.0
4567,10.0
4568,1.0
4569,1.0
4570,9334.0
4571,1.0
4572,3.0
4573,2.0
4574,217.0
4575,107.0
4576,2.0
4577,6.0
4578,5.0
4579,1.0
4580,7.0
4581,1.0
4582,16.0
4583,2.0
4584,1.0
4585,1.0
4586,1.0
4587,1.0
4588,1.0
4589,1.0
4590,417.0
4591,1.0
4592,2.0
4593,2.0
4594,3.0
4595,6872.0
4596,1.0
4597,1.0
4598,1.0
4599,6.0
4600,1.0
4601,5078.0
4602,2.0
4603,3.0
4604,1.0
4605,47.0
4606,9.0
4607,1.0
4608,5.0
4609,9.0
4610,68.0
4611,26.0
4612,75.0
4613,1.0
4614,2.0
4615,1.0
4616,1.0
4617,1.0
4618,1.0
4619,20.0
4620,5.0
4621,1.0
4622,7.0
4623,6.0
4624,1.0
4625,1.0
4626,3.0
4627,1.0
4628,1.0
4629,16126.0
4630,3.0
4631,1.0
4632,1.0
4633,27826.0
4634,43534.0
4635,1.0
4636,3.0
4637,2.0
4638,1.0
4639,1.0
4640,2.0
4641,1.0
4642,1.0
4643,1.0
4644,5.0
4645,2.0
4646,1.0
4647,51.0
4648,5061.0
4649,1.0
4650,1.0
4651,2.0
4652,6550.0
4653,31.0
4654,149.0
4655,1.0
4656,1.0
4657,5.0
4658,3.0
4659,1.0
4660,1.0
4661,1.0
4662,2.0
4663,2.0
4664,1.0
4665,1.0
4666,1.0
4667,1.0
4668,1038.0
4669,2.0
4670,3008.0
4671,1.0
4672,2.0
4673,1.0
4674,2.0
4675,14.0
4676,17.0
4677,3.0
4678,1.0
4679,4.0
4680,1.0
4681,16.0
4682,1.0
4683,3.0
4684,336.0
4685,1.0
4686,34.0
4687,1.0
4688,1.0
4689,1.0
4690,1.0
4691,1.0
4692,1.0
4693,5.0
4694,1.0
4695,2.0
4696,7.0
4697,1.0
4698,5.0
4699,1531.0
4700,1.0
4701,1.0
4702,1.0
4703,5.0
4704,1.0
4705,10.0
4706,1.0
4707,1.0
4708,3.0
4709,1.0
4710,1.0
4711,1.0
4712,2.0
4713,2.0
4714,1.0
4715,1.0
4716,96.0
4717,11.0
4718,1.0
4719,1.0
4720,10.0
4721,1.0
4722,4.0
4723,2.0
4724,1.0
4725,1.0
4726,1.0
4727,3.0
4728,1.0
4729,1.0
4730,1.0
4731,187010.0
4732,18.0
4733,1.0
4734,1.0
4735,1.0
4736,1.0
4737,1.0
4738,13021.0
4739,15.0
4740,3.0
4741,3.0
4742,1.0
4743,1.0
4744,1.0
4745,1.0
4746,2.0
4747,2.0
4748,8.0
4749,1.0
4750,1.0
4751,4853.0
4752,7.0
4753,1.0
4754,1.0
4755,1.0
4756,8.0
4757,59.0
4758,2.0
4759,6.0
4760,1.0
4761,1.0
4762,1.0
4763,4.0
4764,10.0
4765,1.0
4766,3.0
4767,1.0
4768,9.0
4769,2559.0
4770,1.0
4771,31.0
4772,2167.0
4773,1.0
4774,4.0
4775,4.0
4776,1.0
4777,1.0
4778,2.0
4779,1.0
4780,7.0
4781,1.0
4782,5.0
4783,290.0
4784,1.0
4785,2.0
4786,4.0
4787,2.0
4788,42891.0
4789,1.0
4790,12.0
4791,1.0
4792,2.0
4793,5.0
4794,9.0
4795,1.0
4796,2167.0
4797,1.0
4798,1.0
4799,1.0
4800,4.0
4801,1.0
4802,13.0
4803,1.0
4804,4.0
4805,3.0
4806,2.0
4807,2.0
4808,1.0
4809,1.0
4810,55663.0
4811,1.0
4812,3.0
4813,5.0
4814,14.0
4815,4.0
4816,1.0
4817,1.0
4818,1.0
4819,1.0
4820,1.0
4821,1.0
4822,5.0
4823,1.0
4824,1.0
4825,4.0
4826,1.0
4827,1.0
4828,1.0
4829,2.0
4830,1.0
4831,30.0
4832,1.0
4833,27.0
4834,2.0
4835,2.0
4836,1.0
4837,2.0
4838,3.0
4839,3.0
4840,5.0
4841,1.0
4842,1.0
4843,1.0
4844,1.0
4845,6.0
4846,2.0
4847,2.0
4848,1.0
4849,1.0
4850,1.0
4851,12987.0
4852,4.0
4853,16.0
4854,1.0
4855,1.0
4856,1.0
4857,2.0
4858,1.0
4859,6.0
4860,1.0
4861,43.0
4862,9.0
4863,21.0
4864,1.0
4865,293.0
4866,1.0
4867,1.0
4868,17.0
4869,1.0
4870,1.0
4871,19.0
4872,4.0
4873,4.0
4874,2.0
4875,35.0
4876,1.0
4877,21.0
4878,25667.0
4879,1.0
4880,1.0
4881,2.0
4882,5.0
4883,3.0
4884,2.0
4885,1.0
4886,1.0
4887,1907.0
4888,1.0
4889,2.0
4890,88.0
4891,82.0
4892,2.0
4893,1.0
4894,3.0
4895,1.0
4896,1.0
4897,5.0
4898,1.0
4899,26.0
4900,1.0
4901,17655.0
4902,827.0
4903,38.0
4904,1.0
4905,2.0
4906,3.0
4907,46.0
4908,1.0
4909,3.0
4910,1.0
4911,2.0
4912,1.0
4913,6.0
4914,7.0
4915,4.0
4916,1.0
4917,1.0
4918,4.0
4919,1.0
4920,1.0
4921,14.0
4922,11.0
4923,2.0
4924,3.0
4925,17.0
4926,5.0
4927,1.0
4928,1.0
4929,1.0
4930,1.0
4931,4.0
4932,1.0
4933,1.0
4934,1.0
4935,4.0
4936,2.0
4937,3.0
4938,1.0
4939,1.0
4940,1.0
4941,1.0
4942,2.0
4943,36.0
4944,796.0
4945,64985.0
4946,1.0
4947,6.0
4948,1.0
4949,11.0
4950,4.0
4951,2070.0
4952,2.0
4953,1.0
4954,1.0
4955,1.0
4956,1.0
4957,1.0
4958,4.0
4959,5.0
4960,27780.0
4961,4.0
4962,1.0
4963,7.0
4964,1.0
4965,1.0
4966,4.0
4967,1.0
4968,1.0
4969,5.0
4970,1.0
4971,1.0
4972,114055.0
4973,1.0
4974,3.0
4975,9333.0
4976,1.0
4977,1.0
4978,1.0
4979,1.0
4980,1.0
4981,1.0
4982,4853.0
4983,2.0
4984,1.0
4985,1.0
4986,3.0
4987,1.0
4988,3.0
4989,6.0
4990,1.0
4991,2.0
4992,3.0
4993,1.0
4994,1.0
4995,6.0
4996,2.0
4997,3.0
4998,4518.0
4999,2.0
5000,2.0
5001,1.0
5002,2.0
5003,2.0
5004,1.0
5005,4.0
5006,1.0
5007,20270.0
5008,1.0
5009,5.0
5010,11.0
5011,7.0
5012,20.0
5013,1.0
5014,1.0
5015,2.0
5016,2.0
5017,1648.0
5018,1.0
5019,2.0
5020,377.0
5021,417.0
5022,1.0
5023,1.0
5024,1.0
5025,1.0
5026,1.0
5027,2.0
5028,1.0
5029,2.0
5030,1.0
5031,3.0
5032,3.0
5033,8.0
5034,1.0
5035,1.0
5036,19.0
5037,16.0
5038,1.0
5039,1.0
5040,146.0
5041,1.0
5042,8.0
5043,3.0
5044,4.0
5045,5.0
5046,20.0
5047,15.0
5048,1.0
5049,1.0
5050,9334.0
5051,6.0
5052,10997.0
5053,1.0
5054,1.0
5055,26.0
5056,2.0
5057,5.0
5058,1.0
5059,1.0
5060,4.0
5061,2.0
5062,1.0
5063,1.0
5064,526.0
5065,10488.0
5066,5.0
5067,6.0
5068,4.0
5069,1.0
5070,1.0
5071,1.0
5072,1.0
5073,1.0
5074,274374.0
5075,2.0
5076,1.0
5077,1.0
5078,1.0
5079,5.0
5080,1.0
5081,1.0
5082,1.0
5083,34.0
5084,2.0
5085,9.0
5086,6.0
5087,2.0
5088,7.0
5089,4.0
5090,11.0
5091,9.0
5092,5949.0
5093,1.0
5094,1.0
5095,31.0
5096,1.0
5097,27.0
5098,2.0
5099,27780.0
5100,5.0
5101,3.0
5102,98.0
5103,1.0
5104,2.0
5105,5.0
5106,1.0
5107,2.0
5108,6.0
5109,1.0
5110,1.0
5111,1.0
5112,985.0
5113,1.0
5114,1.0
5115,2.0
5116,1.0
5117,1.0
5118,34.0
5119,13.0
5120,1.0
5121,1.0
5122,2.0
5123,1.0
5124,5.0
5125,4.0
5126,367.0
5127,1.0
5128,354.0
5129,12.0
5130,1.0
5131,23.0
5132,1.0
5133,1.0
5134,4.0
5135,2.0
5136,6.0
5137,2.0
5138,1.0
5139,5.0
5140,367.0
5141,4.0
5142,5.0
5143,1.0
5144,1.0
5145,1.0
5146,5.0
5147,1.0
5148,6.0
5149,5.0
5150,14.0
5151,1.0
5152,2743.0
5153,1.0
5154,3.0
5155,1.0
5156,2.0
5157,1.0
5158,2.0
5159,2.0
5160,1497349.0
5161,1.0
5162,53.0
5163,20.0
5164,6.0
5165,5.0
5166,1.0
5167,3.0
5168,2.0
5169,1.0
5170,1.0
5171,6.0
5172,1.0
5173,4.0
5174,12.0
5175,1.0
5176,12.0
5177,1.0
5178,3.0
5179,1.0
5180,2.0
5181,1.0
5182,1.0
5183,4.0
5184,18.0
5185,2.0
5186,6.0
5187,4351.0
5188,1.0
5189,6.0
5190,1.0
5191,2.0
5192,2.0
5193,1.0
5194,1.0
5195,5.0
5196,2.0
5197,1.0
5198,1.0
5199,9.0
5200,6.0
5201,2.0
5202,35.0
5203,1.0
5204,1.0
5205,5.0
5206,107.0
5207,6.0
5208,6.0
5209,1.0
5210,2.0
5211,1.0
5212,3.0
5213,54.0
5214,36.0
5215,1.0
5216,7.0
5217,1.0
5218,3.0
5219,1.0
5220,2.0
5221,1.0
5222,2.0
5223,34.0
5224,1.0
5225,1.0
5226,1.0
5227,3.0
5228,4.0
5229,3.0
5230,1.0
5231,7.0
5232,3.0
5233,512.0
5234,1.0
5235,5.0
5236,5.0
5237,22.0
5238,7.0
5239,152.0
5240,1.0
5241,9.0
5242,5.0
5243,4.0
5244,17.0
5245,54.0
5246,1.0
5247,2.0
5248,2555.0
5249,6.0
5250,1.0
5251,1.0
5252,149.0
5253,2.0
5254,1.0
5255,190653.0
5256,6.0
5257,2.0
5258,32.0
5259,4.0
5260,4.0
5261,3.0
5262,2.0
5263,1.0
5264,1.0
5265,2.0
5266,1.0
5267,2.0
5268,1.0
5269,57.0
5270,2.0
5271,3.0
5272,1.0
5273,1.0
5274,5.0
5275,3.0
5276,2.0
5277,2.0
5278,3.0
5279,3.0
5280,1.0
5281,17.0
5282,2.0
5283,3.0
5284,4.0
5285,526.0
5286,1.0
5287,1.0
5288,2.0
5289,1.0
5290,5.0
5291,1.0
5292,2.0
5293,2.0
5294,11.0
5295,2.0
5296,1.0
5297,2.0
5298,3.0
5299,1.0
5300,1.0
5301,1.0
5302,1687.0
5303,32.0
5304,1.0
5305,2.0
5306,1.0
5307,1.0
5308,3039.0
5309,3.0
5310,1.0
5311,4.0
5312,2505.0
5313,4.0
5314,1.0
5315,1.0
5316,1.0
5317,2.0
5318,1.0
5319,2.0
5320,1.0
5321,1.0
5322,2.0
5323,396.0
5324,146.0
5325,417.0
5326,68.0
5327,1.0
5328,1.0
5329,1.0
5330,3.0
5331,3.0
5332,1.0
5333,1.0
5334,26.0
5335,25.0
5336,1.0
5337,1.0
5338,1.0
5339,3008.0
5340,2.0
5341,2.0
5342,9.0
5343,23.0
5344,1.0
5345,2.0
5346,70069.0
5347,1.0
5348,25.0
5349,1.0
5350,308.0
5351,10.0
5352,11.0
5353,1.0
5354,2.0
5355,1.0
5356,1.0
5357,3.0
5358,1.0
5359,6722.0
5360,1.0
5361,4460.0
5362,1.0
5363,4.0
5364,4.0
5365,1.0
5366,23.0
5367,1.0
5368,2.0
5369,3.0
5370,1.0
5371,1.0
5372,442.0
5373,4.0
5374,1.0
5375,10.0
5376,1.0
5377,2.0
5378,1.0
5379,14.0
5380,1.0
5381,3.0
5382,1.0
5383,2.0
5384,2.0
5385,1.0
5386,2.0
5387,23.0
5388,5783.0
5389,2.0
5390,4.0
5391,3.0
5392,1.0
5393,1.0
5394,1.0
5395,7.0
5396,1.0
5397,1.0
5398,579.0
5399,16.0
5400,1.0
5401,1.0
5402,1.0
5403,9.0
5404,3.0
5405,1.0
5406,6.0
5407,1.0
5408,2.0
5409,16.0
5410,1.0
5411,224.0
5412,4.0
5413,1.0
5414,2.0
5415,1.0
5416,1.0
5417,1.0
5418,1.0
5419,1.0
5420,17.0
5421,3.0
5422,4.0
5423,1.0
5424,1.0
5425,3.0
5426,8.0
5427,1.0
5428,4.0
5429,1.0
5430,8.0
5431,4.0
5432,8.0
5433,6.0
5434,94992.0
5435,426.0
5436,1.0
5437,557.0
5438,1.0
5439,8.0
5440,2.0
5441,45.0
5442,1.0
5443,9.0
5444,2.0
5445,1.0
5446,2.0
5447,1.0
5448,1.0
5449,2.0
5450,12.0
5451,3.0
5452,1.0
5453,2.0
5454,12.0
5455,1.0
5456,4.0
5457,2.0
5458,4.0
5459,11.0
5460,2.0
5461,124.0
5462,1.0
5463,59.0
5464,1.0
5465,1.0
5466,367.0
5467,1.0
5468,8.0
5469,417.0
5470,1.0
5471,3.0
5472,2.0
5473,1.0
5474,1.0
5475,3.0
5476,1.0
5477,2.0
5478,1.0
5479,6.0
5480,3.0
5481,2.0
5482,1.0
5483,9.0
5484,5.0
5485,2.0
5486,1.0
5487,1.0
5488,1.0
5489,1.0
5490,2.0
5491,4.0
5492,74.0
5493,10.0
5494,5.0
5495,3.0
5496,1.0
5497,1897.0
5498,3.0
5499,1.0
5500,1.0
5501,1.0
5502,7.0
5503,1.0
5504,1.0
5505,1.0
5506,1.0
5507,2.0
5508,2.0
5509,15.0
5510,3.0
5511,53.0
5512,3.0
5513,2.0
5514,4.0
5515,2.0
5516,1.0
5517,1.0
5518,2.0
5519,1.0
5520,2.0
5521,5.0
5522,3.0
5523,1.0
5524,22.0
5525,20947.0
5526,2.0
5527,1.0
5528,2.0
5529,5.0
5530,1.0
5531,1624.0
5532,1.0
5533,16.0
5534,6.0
5535,2.0
5536,4.0
5537,2.0
5538,2.0
5539,1.0
5540,1.0
5541,1.0
5542,10832.0
5543,1.0
5544,2.0
5545,2.0
5546,3.0
5547,5.0
5548,4.0
5549,5.0
5550,10.0
5551,11.0
5552,1.0
5553,7.0
5554,8.0
5555,3.0
5556,19.0
5557,1.0
5558,1.0
5559,1619.0
5560,1.0
5561,1.0
5562,6.0
5563,1.0
5564,3.0
5565,1.0
5566,1.0
5567,2.0
5568,27.0
5569,146.0
5570,3.0
5571,2.0
5572,1.0
5573,51.0
5574,426.0
5575,1.0
5576,3.0
5577,174.0
5578,1.0
5579,51.0
5580,1.0
5581,6175.0
5582,1.0
5583,2.0
5584,8.0
5585,1.0
5586,6.0
5587,1.0
5588,1.0
5589,4.0
5590,2.0
5591,5.0
5592,3.0
5593,1.0
5594,8.0
5595,23.0
5596,13038.0
5597,1.0
5598,1.0
5599,3.0
5600,4351.0
5601,1.0
5602,2.0
5603,1.0
5604,1.0
5605,1.0
5606,1.0
5607,1.0
5608,6.0
5609,1.0
5610,6872.0
5611,2.0
5612,1.0
5613,1.0
5614,67540.0
5615,2.0
5616,1.0
5617,1.0
5618,2.0
5619,1.0
5620,1.0
5621,1.0
5622,14.0
5623,1.0
5624,5078.0
5625,2.0
5626,1.0
5627,1.0
5628,32.0
5629,1.0
5630,1.0
5631,3.0
5632,49.0
5633,1.0
5634,1.0
5635,1.0
5636,1.0
5637,18.0
5638,1.0
5639,3.0
5640,1.0
5641,2.0
5642,2118.0
5643,57.0
5644,190.0
5645,2.0
5646,1.0
5647,1681.0
5648,38579.0
5649,1.0
5650,4.0
5651,8.0
5652,1.0
5653,2.0
5654,1.0
5655,3507.0
5656,1.0
5657,11.0
5658,1.0
5659,2.0
5660,1.0
5661,68.0
5662,1.0
5663,106.0
5664,6.0
5665,3.0
5666,1.0
5667,3.0
5668,4.0
5669,3.0
5670,377.0
5671,1.0
5672,1.0
5673,3.0
5674,809.0
5675,2.0
5676,1.0
5677,1.0
5678,1.0
5679,1.0
5680,1.0
5681,5.0
5682,3.0
5683,3.0
5684,1.0
5685,4.0
5686,26.0
5687,2.0
5688,1.0
5689,1.0
5690,3914.0
5691,1.0
5692,367.0
5693,1.0
5694,6.0
5695,22.0
5696,8.0
5697,1.0
5698,42.0
5699,1.0
5700,1.0
5701,1.0
5702,1.0
5703,1.0
5704,19306.0
5705,5.0
5706,28.0
5707,1.0
5708,135.0
5709,2.0
5710,1.0
5711,1185.0
5712,10997.0
5713,14.0
5714,1897.0
5715,63.0
5716,26.0
5717,14.0
5718,6.0
5719,1.0
5720,1.0
5721,1.0
5722,1.0
5723,138.0
5724,2.0
5725,5.0
5726,6.0
5727,2.0
5728,4.0
5729,1.0
5730,17.0
5731,526.0
5732,1.0
5733,1.0
5734,17.0
5735,1.0
5736,207712.0
5737,1.0
5738,5.0
5739,1.0
5740,1.0
5741,1.0
5742,1.0
5743,71.0
5744,40285.0
5745,1.0
5746,2.0
5747,5078.0
5748,1.0
5749,4518.0
5750,2.0
5751,1.0
5752,107.0
5753,1.0
5754,10.0
5755,417.0
5756,49.0
5757,6.0
5758,2.0
5759,2.0
5760,6.0
5761,4.0
5762,919.0
5763,1.0
5764,4.0
5765,1.0
5766,1.0
5767,1.0
5768,1.0
5769,11.0
5770,1.0
5771,1.0
5772,3.0
5773,1.0
5774,4.0
5775,1.0
5776,1.0
5777,1.0
5778,7041.0
5779,2.0
5780,15.0
5781,5.0
5782,1.0
5783,5.0
5784,2.0
5785,46.0
5786,48.0
5787,18.0
5788,2.0
5789,8.0
5790,15.0
5791,1.0
5792,8.0
5793,31.0
5794,1.0
5795,1.0
5796,6.0
5797,1.0
5798,3.0
5799,3.0
5800,2.0
5801,5078.0
5802,1.0
5803,1.0
5804,1.0
5805,1.0
5806,98.0
5807,2.0
5808,1.0
5809,3.0
5810,1.0
5811,3.0
5812,43.0
5813,1.0
5814,3.0
5815,4757.0
5816,12.0
5817,18.0
5818,1.0
5819,2.0
5820,26.0
5821,1.0
5822,2965.0
5823,1.0
5824,1.0
5825,1.0
5826,377.0
5827,171.0
5828,1.0
5829,1.0
5830,15.0
5831,4.0
5832,2.0
5833,1.0
5834,1.0
5835,1.0
5836,3.0
5837,2.0
5838,11.0
5839,2.0
5840,2.0
5841,1.0
5842,1.0
5843,1.0
5844,1.0
5845,1.0
5846,5.0
5847,2.0
5848,1.0
5849,1.0
5850,8.0
5851,14.0
5852,3.0
5853,1.0
5854,1.0
5855,10.0
5856,3.0
5857,3.0
5858,1.0
5859,1.0
5860,1.0
5861,5.0
5862,1.0
5863,1.0
5864,5.0
5865,1.0
5866,3.0
5867,1.0
5868,2.0
5869,1.0
5870,2.0
5871,1.0
5872,7.0
5873,101.0
5874,1.0
5875,2.0
5876,2.0
5877,2039.0
5878,2.0
5879,2.0
5880,1.0
5881,8.0
5882,1.0
5883,1.0
5884,61277.0
5885,4.0
5886,1.0
5887,4.0
5888,23.0
5889,1.0
5890,5.0
5891,2.0
5892,18.0
5893,1.0
5894,1.0
5895,4.0
5896,2.0
5897,1.0
5898,2.0
5899,1.0
5900,1.0
5901,1.0
5902,1.0
5903,1.0
5904,1.0
5905,11.0
5906,1.0
5907,1.0
5908,30.0
5909,1.0
5910,61277.0
5911,1.0
5912,9334.0
5913,18.0
5914,3.0
5915,4.0
5916,1.0
5917,1.0
5918,5.0
5919,1.0
5920,1.0
5921,1.0
5922,1.0
5923,3.0
5924,6.0
5925,1.0
5926,72.0
5927,3.0
5928,1.0
5929,1.0
5930,2.0
5931,190.0
5932,20.0
5933,8135.0
5934,1.0
5935,336.0
5936,1.0
5937,1.0
5938,30.0
5939,13.0
5940,1.0
5941,40.0
5942,7.0
5943,1.0
5944,2.0
5945,9.0
5946,5.0
5947,1.0
5948,3.0
5949,1.0
5950,16.0
5951,1.0
5952,3.0
5953,2.0
5954,372.0
5955,1.0
5956,1.0
5957,2.0
5958,3.0
5959,1.0
5960,1.0
5961,1.0
5962,1.0
5963,1.0
5964,7.0
5965,2.0
5966,2.0
5967,1.0
5968,1.0
5969,150.0
5970,8.0
5971,2.0
5972,5.0
5973,140.0
5974,4.0
5975,1.0
5976,39.0
5977,1.0
5978,5.0
5979,1.0
5980,2.0
5981,1.0
5982,2.0
5983,43.0
5984,1.0
5985,5.0
5986,255.0
5987,1.0
5988,1.0
5989,1.0
5990,1.0
5991,5.0
5992,4.0
5993,1.0
5994,61277.0
5995,21.0
5996,1.0
5997,1.0
5998,2.0
5999,1.0
6000,19.0
6001,1.0
6002,2.0
6003,3.0
6004,1.0
6005,15.0
6006,1.0
6007,1.0
6008,95.0
6009,1.0
6010,4.0
6011,1.0
6012,123.0
6013,2.0
6014,4.0
6015,5.0
6016,2.0
6017,1.0
6018,1.0
6019,1.0
6020,3.0
6021,1.0
6022,1.0
6023,9.0
6024,1.0
6025,1.0
6026,31.0
6027,1.0
6028,20.0
6029,1.0
6030,24.0
6031,2.0
6032,1112.0
6033,1.0
6034,1.0
6035,2.0
6036,1.0
6037,2.0
6038,6.0
6039,55663.0
6040,3.0
6041,2.0
6042,1.0
6043,1.0
6044,1.0
6045,3.0
6046,1.0
6047,1.0
6048,5.0
6049,1.0
6050,3.0
6051,1.0
6052,1.0
6053,3.0
6054,6.0
6055,2.0
6056,6.0
6057,3.0
6058,162.0
6059,3.0
6060,11.0
6061,1.0
6062,1.0
6063,2.0
6064,3.0
6065,5.0
6066,4.0
6067,152.0
6068,2.0
6069,3.0
6070,3.0
6071,26.0
6072,2.0
6073,3.0
6074,5.0
6075,1.0
6076,1.0
6077,1.0
6078,1.0
6079,1.0
6080,3.0
6081,1.0
6082,1.0
6083,92.0
6084,1.0
6085,1.0
6086,1.0
6087,1.0
6088,119.0
6089,1.0
6090,1.0
6091,162.0
6092,4.0
6093,1.0
6094,7.0
6095,1.0
6096,2.0
6097,6550.0
6098,3.0
6099,1.0
6100,26.0
6101,5.0
6102,138.0
6103,1.0
6104,1.0
6105,4.0
6106,2395.0
6107,1.0
6108,2.0
6109,2.0
6110,1.0
6111,11.0
6112,2.0
6113,1.0
6114,3008.0
6115,5.0
6116,3.0
6117,1.0
6118,2.0
6119,2.0
6120,1.0
6121,6175.0
6122,6.0
6123,1.0
6124,1.0
6125,1.0
6126,1.0
6127,1.0
6128,2.0
6129,417.0
6130,5.0
6131,5.0
6132,1462.0
6133,1.0
6134,2.0
6135,3.0
6136,5.0
6137,1.0
6138,5.0
6139,1.0
6140,2.0
6141,92.0
6142,6.0
6143,1.0
6144,2.0
6145,13.0
6146,1.0
6147,32.0
6148,1.0
6149,7.0
6150,1.0
6151,1.0
6152,5.0
6153,4.0
6154,86.0
6155,3.0
6156,3.0
6157,1.0
6158,98.0
6159,24.0
6160,1.0
6161,8.0
6162,3.0
6163,16.0
6164,1.0
6165,19.0
6166,2.0
6167,2.0
6168,5933.0
6169,1.0
6170,2.0
6171,439.0
6172,4.0
6173,6.0
6174,5.0
6175,7.0
6176,13.0
6177,7.0
6178,1.0
6179,17.0
6180,1.0
6181,2395.0
6182,2.0
6183,2.0
6184,1.0
6185,4.0
6186,1.0
6187,207712.0
6188,1.0
6189,4.0
6190,2.0
6191,1.0
6192,1.0
6193,417.0
6194,41.0
6195,1.0
6196,1.0
6197,1.0
6198,1.0
6199,1.0
6200,1.0
6201,3.0
6202,2.0
6203,1.0
6204,2.0
6205,1.0
6206,1.0
6207,1.0
6208,1.0
6209,10.0
6210,3.0
6211,2.0
6212,4.0
6213,31.0
6214,1.0
6215,1.0
6216,1.0
6217,1.0
6218,3.0
6219,23.0
6220,2.0
6221,1.0
6222,1.0
6223,1.0
6224,1.0
6225,1.0
6226,1.0
6227,1.0
6228,4.0
6229,1.0
6230,1.0
6231,26.0
6232,2.0
6233,4.0
6234,10.0
6235,1.0
6236,1.0
6237,1.0
6238,1.0
6239,1.0
6240,8.0
6241,31.0
6242,2.0
6243,1.0
6244,1.0
6245,1.0
6246,3.0
6247,13.0
6248,2.0
6249,1.0
6250,20.0
6251,17.0
6252,9.0
6253,19.0
6254,31.0
6255,8.0
6256,5.0
6257,3.0
6258,1.0
6259,1.0
6260,1.0
6261,25.0
6262,6.0
6263,17267.0
6264,13.0
6265,6.0
6266,2.0
6267,1.0
6268,1.0
6269,63.0
6270,2.0
6271,3.0
6272,2.0
6273,1.0
6274,1.0
6275,1.0
6276,1.0
6277,1.0
6278,6.0
6279,1.0
6280,2.0
6281,1.0
6282,6.0
6283,1.0
6284,1.0
6285,1.0
6286,24.0
6287,7.0
6288,2.0
6289,1.0
6290,1.0
6291,1.0
6292,20.0
6293,1.0
6294,18.0
6295,2.0
6296,1.0
6297,1.0
6298,2.0
6299,12.0
6300,1.0
6301,8.0
6302,1.0
6303,1.0
6304,11.0
6305,1.0
6306,1.0
6307,1.0
6308,1.0
6309,2.0
6310,1.0
6311,2.0
6312,1.0
6313,1.0
6314,2.0
6315,1.0
6316,1.0
6317,4.0
6318,2.0
6319,1.0
6320,15.0
6321,1.0
6322,3.0
6323,1.0
6324,4.0
6325,27.0
6326,1.0
6327,1.0
6328,1.0
6329,1.0
6330,1.0
6331,1.0
6332,1.0
6333,1.0
6334,2.0
6335,2.0
6336,6.0
6337,34.0
6338,1.0
6339,3.0
6340,3.0
6341,4.0
6342,1.0
6343,1.0
6344,2.0
6345,1.0
6346,262.0
6347,1.0
6348,3.0
6349,417.0
6350,2.0
6351,2.0
6352,1.0
6353,3.0
6354,5.0
6355,2.0
6356,1.0
6357,1.0
6358,1.0
6359,3.0
6360,2.0
6361,21.0
6362,4.0
6363,3.0
6364,4.0
6365,7465.0
6366,6.0
6367,25.0
6368,296.0
6369,2.0
6370,2.0
6371,8351.0
6372,1.0
6373,26.0
6374,1617.0
6375,2.0
6376,10.0
6377,4.0
6378,1.0
6379,162.0
6380,11777.0
6381,1.0
6382,1.0
6383,1.0
6384,1.0
6385,7.0
6386,2.0
6387,12.0
6388,2.0
6389,2.0
6390,24.0
6391,149.0
6392,6.0
6393,17655.0
6394,200.0
6395,1.0
6396,3.0
6397,1.0
6398,1.0
6399,3.0
6400,1.0
6401,8.0
6402,1.0
6403,1.0
6404,1.0
6405,9.0
6406,2.0
6407,2.0
6408,1.0
6409,3.0
6410,20.0
6411,2.0
6412,4.0
6413,1.0
6414,1.0
6415,2.0
6416,2.0
6417,5.0
6418,1.0
6419,2.0
6420,11.0
6421,1.0
6422,1.0
6423,1.0
6424,1.0
6425,1.0
6426,2.0
6427,7.0
6428,5.0
6429,2.0
6430,1.0
6431,2.0
6432,1.0
6433,1.0
6434,3.0
6435,1.0
6436,2.0
6437,2.0
6438,1.0
6439,2.0
6440,19.0
6441,4853.0
6442,1.0
6443,5247.0
6444,10.0
6445,45.0
6446,1.0
6447,1.0
6448,5.0
6449,54.0
6450,2.0
6451,1.0
6452,2.0
6453,7.0
6454,3.0
6455,1.0
6456,2.0
6457,10699.0
6458,6.0
6459,1.0
6460,1.0
6461,1.0
6462,1.0
6463,1.0
6464,9.0
6465,4.0
6466,10.0
6467,1.0
6468,3210.0
6469,13.0
6470,1.0
6471,1.0
6472,1.0
6473,1.0
6474,2.0
6475,8.0
6476,27.0
6477,1.0
6478,11.0
6479,1.0
6480,1.0
6481,2.0
6482,12.0
6483,3.0
6484,13227.0
6485,10.0
6486,1.0
6487,1.0
6488,1.0
6489,3.0
6490,12.0
6491,1.0
6492,1.0
6493,12567.0
6494,1.0
6495,1.0
6496,1.0
6497,1.0
6498,1.0
6499,1.0
6500,13.0
6501,1.0
6502,1.0
6503,2020.0
6504,2.0
6505,6167.0
6506,1.0
6507,5.0
6508,7.0
6509,921.0
6510,5.0
6511,8.0
6512,15.0
6513,1.0
6514,168.0
6515,1.0
6516,10.0
6517,9.0
6518,1.0
6519,24221.0
6520,3.0
6521,274374.0
6522,1.0
6523,30.0
6524,1.0
6525,53.0
6526,1.0
6527,1.0
6528,92955.0
6529,130.0
6530,1.0
6531,1.0
6532,4.0
6533,1.0
6534,7434.0
6535,1.0
6536,1.0
6537,3.0
6538,1.0
6539,12.0
6540,5.0
6541,1.0
6542,1.0
6543,1.0
6544,1.0
6545,2.0
6546,1.0
6547,1.0
6548,1.0
6549,1.0
6550,1.0
6551,3.0
6552,8.0
6553,1.0
6554,1.0
6555,1.0
6556,1.0
6557,1.0
6558,2.0
6559,4.0
6560,4.0
6561,1.0
6562,2.0
6563,2.0
6564,4.0
6565,12.0
6566,3.0
6567,32.0
6568,1.0
6569,1.0
6570,1.0
6571,1.0
6572,417.0
6573,3.0
6574,2.0
6575,3.0
6576,1.0
6577,1.0
6578,1.0
6579,10.0
6580,1.0
6581,1.0
6582,1.0
6583,2.0
6584,75.0
6585,1.0
6586,1.0
6587,1.0
6588,17.0
6589,1.0
6590,3.0
6591,2.0
6592,3.0
6593,3.0
6594,1.0
6595,1.0
6596,1.0
6597,1.0
6598,940.0
6599,1.0
6600,4.0
6601,1.0
6602,4.0
6603,2.0
6604,55.0
6605,12.0
6606,23.0
6607,1.0
6608,1.0
6609,1.0
6610,22.0
6611,5.0
6612,2.0
6613,1.0
6614,2.0
6615,11.0
6616,1.0
6617,2.0
6618,1.0
6619,208.0
6620,1.0
6621,1.0
6622,5.0
6623,1.0
6624,1.0
6625,38.0
6626,1.0
6627,10832.0
6628,1.0
6629,1.0
6630,1.0
6631,25.0
6632,3.0
6633,1.0
6634,2.0
6635,1.0
6636,1.0
6637,7.0
6638,3.0
6639,2.0
6640,7.0
6641,3.0
6642,1.0
6643,10.0
6644,1.0
6645,2.0
6646,7.0
6647,162.0
6648,6.0
6649,2395.0
6650,59.0
6651,2.0
6652,2.0
6653,1.0
6654,2.0
6655,1.0
6656,1.0
6657,3.0
6658,8.0
6659,7.0
6660,2.0
6661,2.0
6662,2.0
6663,2.0
6664,6.0
6665,2.0
6666,1.0
6667,16.0
6668,1.0
6669,1.0
6670,1.0
6671,2.0
6672,2.0
6673,2.0
6674,6.0
6675,6.0
6676,3.0
6677,26.0
6678,13.0
6679,1.0
6680,3.0
6681,1.0
6682,1.0
6683,1.0
6684,1.0
6685,11.0
6686,14.0
6687,11.0
6688,4.0
6689,1.0
6690,306.0
6691,1.0
6692,1.0
6693,2.0
6694,1.0
6695,5247.0
6696,2.0
6697,2.0
6698,9.0
6699,2.0
6700,1.0
6701,3.0
6702,1.0
6703,1.0
6704,2.0
6705,1.0
6706,2.0
6707,1.0
6708,1.0
6709,1.0
6710,1.0
6711,18.0
6712,9.0
6713,5.0
6714,16.0
6715,14.0
6716,1.0
6717,1.0
6718,1.0
6719,9.0
6720,30.0
6721,1.0
6722,1.0
6723,1.0
6724,1.0
6725,2.0
6726,1.0
6727,1.0
6728,1.0
6729,1.0
6730,5.0
6731,1.0
6732,1.0
6733,1.0
6734,3.0
6735,1.0
6736,17.0
6737,1.0
6738,1.0
6739,1.0
6740,3.0
6741,249.0
6742,8.0
6743,6.0
6744,3.0
6745,9.0
6746,1.0
6747,2.0
6748,1.0
6749,3420.0
6750,2.0
6751,4.0
6752,2.0
6753,1.0
6754,1.0
6755,1.0
6756,15.0
6757,1.0
6758,1.0
6759,1.0
6760,1.0
6761,1.0
6762,9.0
6763,162.0
6764,1.0
6765,1.0
6766,1.0
6767,18.0
6768,4.0
6769,1.0
6770,1.0
6771,2.0
6772,2.0
6773,1.0
6774,5.0
6775,5478.0
6776,1.0
6777,3786.0
6778,36.0
6779,1.0
6780,5.0
6781,3.0
6782,1.0
6783,4.0
6784,1.0
6785,36.0
6786,5.0
6787,33168.0
6788,1.0
6789,1.0
6790,1.0
6791,1.0
6792,1112.0
6793,1.0
6794,1.0
6795,1.0
6796,2.0
6797,1.0
6798,171.0
6799,2.0
6800,1.0
6801,12.0
6802,11.0
6803,6.0
6804,1.0
6805,2.0
6806,2.0
6807,1.0
6808,2.0
6809,3.0
6810,1.0
6811,1.0
6812,8.0
6813,4.0
6814,3.0
6815,1.0
6816,2.0
6817,10.0
6818,4.0
6819,1.0
6820,1.0
6821,1.0
6822,3.0
6823,2.0
6824,123201.0
6825,6.0
6826,2.0
6827,1.0
6828,1.0
6829,1.0
6830,4.0
6831,827.0
6832,8.0
6833,5.0
6834,3.0
6835,1.0
6836,30.0
6837,55.0
6838,1.0
6839,1.0
6840,4.0
6841,3.0
6842,3571.0
6843,1.0
6844,1.0
6845,1.0
6846,2.0
6847,1.0
6848,4.0
6849,14.0
6850,1.0
6851,18.0
6852,1.0
6853,9.0
6854,7.0
6855,2.0
6856,2.0
6857,2.0
6858,4.0
6859,1.0
6860,2.0
6861,1.0
6862,8.0
6863,1624.0
6864,1.0
6865,1.0
6866,4.0
6867,1.0
6868,1.0
6869,1.0
6870,2.0
6871,2.0
6872,9.0
6873,17.0
6874,1.0
6875,4.0
6876,1.0
6877,1.0
6878,1.0
6879,16.0
6880,1.0
6881,12142.0
6882,1.0
6883,2.0
6884,1.0
6885,1.0
6886,2.0
6887,1.0
6888,1.0
6889,8.0
6890,3.0
6891,2.0
6892,2.0
6893,3.0
6894,1.0
6895,1.0
6896,12142.0
6897,2.0
6898,13.0
6899,1.0
6900,7.0
6901,1.0
6902,4.0
6903,2.0
6904,2.0
6905,6.0
6906,6.0
6907,3.0
6908,2.0
6909,1.0
6910,1.0
6911,1.0
6912,2.0
6913,1.0
6914,4.0
6915,4.0
6916,1.0
6917,1.0
6918,2.0
6919,1.0
6920,2.0
6921,1.0
6922,15.0
6923,8.0
6924,11.0
6925,2.0
6926,8.0
6927,2.0
6928,9.0
6929,48.0
6930,1.0
6931,1.0
6932,2.0
6933,4.0
6934,1.0
6935,2.0
6936,1.0
6937,2.0
6938,723.0
6939,7.0
6940,1.0
6941,1.0
6942,1.0
6943,1.0
6944,1.0
6945,2.0
6946,7.0
6947,75.0
6948,1.0
6949,3.0
6950,3.0
6951,1.0
6952,157.0
6953,1.0
6954,10832.0
6955,1.0
6956,505.0
6957,1.0
6958,24090.0
6959,3.0
6960,2.0
6961,4.0
6962,43.0
6963,6.0
6964,1.0
6965,32461.0
6966,32.0
6967,1.0
6968,36.0
6969,1.0
6970,7.0
6971,3.0
6972,2.0
6973,1.0
6974,1.0
6975,1.0
6976,1.0
6977,11.0
6978,1.0
6979,1.0
6980,1.0
6981,3.0
6982,91.0
6983,1.0
6984,1.0
6985,1.0
6986,1.0
6987,1.0
6988,1.0
6989,2.0
6990,1308.0
6991,864.0
6992,188.0
6993,20.0
6994,1.0
6995,34.0
6996,7.0
6997,2.0
6998,322.0
6999,1.0
7000,1.0
7001,1.0
7002,9.0
7003,17.0
7004,5.0
7005,1.0
7006,10.0
7007,5.0
7008,1.0
7009,113.0
7010,1.0
7011,1.0
7012,10.0
7013,7.0
7014,1.0
7015,21.0
7016,4.0
7017,1.0
7018,1.0
7019,1.0
7020,3.0
7021,5.0
7022,1185.0
7023,1.0
7024,2.0
7025,1.0
7026,5.0
7027,114055.0
7028,2.0
7029,1.0
7030,2.0
7031,1.0
7032,14.0
7033,27.0
7034,5.0
7035,1.0
7036,3.0
7037,1414.0
7038,2.0
7039,8.0
7040,2.0
7041,8.0
7042,35.0
7043,2.0
7044,3.0
7045,6.0
7046,1.0
7047,1.0
7048,1.0
7049,1.0
7050,2.0
7051,1.0
7052,3.0
7053,32.0
7054,2.0
7055,4.0
7056,1.0
7057,2.0
7058,1.0
7059,1.0
7060,3.0
7061,3129.0
7062,1.0
7063,1.0
7064,1.0
7065,163.0
7066,1.0
7067,3.0
7068,2.0
7069,1.0
7070,6.0
7071,1.0
7072,3.0
7073,1.0
7074,1.0
7075,2.0
7076,1.0
7077,5.0
7078,1.0
7079,355.0
7080,7.0
7081,4.0
7082,1.0
7083,3.0
7084,1.0
7085,1.0
7086,2.0
7087,9.0
7088,9503.0
7089,1.0
7090,2.0
7091,1.0
7092,1.0
7093,6550.0
7094,2.0
7095,1.0
7096,1.0
7097,2.0
7098,3.0
7099,8.0
7100,2.0
7101,69.0
7102,1.0
7103,36.0
7104,1.0
7105,1.0
7106,1.0
7107,2.0
7108,6.0
7109,2.0
7110,1.0
7111,8.0
7112,4.0
7113,1.0
7114,2.0
7115,1.0
7116,1.0
7117,1497349.0
7118,4.0
7119,1.0
7120,2.0
7121,12.0
7122,10997.0
7123,2.0
7124,2.0
7125,1.0
7126,15.0
7127,2.0
7128,1.0
7129,2167.0
7130,2.0
7131,8.0
7132,1.0
7133,2.0
7134,5.0
7135,7.0
7136,1.0
7137,13.0
7138,1.0
7139,4.0
7140,7.0
7141,2.0
7142,3.0
7143,4.0
7144,9.0
7145,3008.0
7146,1.0
7147,2.0
7148,5.0
7149,2.0
7150,2.0
7151,1.0
7152,3.0
7153,2.0
7154,31.0
7155,6.0
7156,4.0
7157,377.0
7158,1.0
7159,2.0
7160,1.0
7161,1.0
7162,31.0
7163,8.0
7164,1.0
7165,1.0
7166,1.0
7167,3.0
7168,1.0
7169,1.0
7170,23.0
7171,1.0
7172,1.0
7173,1.0
7174,6.0
7175,7.0
7176,5.0
7177,1.0
7178,1897.0
7179,1.0
7180,1.0
7181,1.0
7182,7.0
7183,1.0
7184,2.0
7185,10.0
7186,11.0
7187,2.0
7188,25.0
7189,1.0
7190,2.0
7191,1.0
7192,9.0
7193,6.0
7194,2.0
7195,1.0
7196,1.0
7197,9.0
7198,6.0
7199,2.0
7200,6946.0
7201,2154.0
7202,1.0
7203,2.0
7204,2.0
7205,6268.0
7206,1.0
7207,11.0
7208,38.0
7209,2.0
7210,4.0
7211,6.0
7212,1.0
7213,2.0
7214,1.0
7215,1.0
7216,2.0
7217,3.0
7218,1.0
7219,22.0
7220,4.0
7221,1.0
7222,7.0
7223,1.0
7224,8.0
7225,1.0
7226,4.0
7227,2.0
7228,3.0
7229,58635.0
7230,85.0
7231,1.0
7232,4.0
7233,1.0
7234,2020.0
7235,27.0
7236,37185.0
7237,2.0
7238,1.0
7239,1.0
7240,187010.0
7241,6.0
7242,1.0
7243,1.0
7244,1.0
7245,1.0
7246,4.0
7247,6.0
7248,1.0
7249,2.0
7250,1.0
7251,22.0
7252,1.0
7253,1.0
7254,13.0
7255,4.0
7256,1.0
7257,1.0
7258,23.0
7259,498.0
7260,1.0
7261,1.0
7262,1.0
7263,2441.0
7264,1.0
7265,1.0
7266,1.0
7267,3.0
7268,1.0
7269,18.0
7270,27.0
7271,1.0
7272,1.0
7273,1.0
7274,4245.0
7275,1.0
7276,1.0
7277,2.0
7278,1.0
7279,1.0
7280,3.0
7281,1.0
7282,4.0
7283,1.0
7284,2.0
7285,2.0
7286,19.0
7287,19.0
7288,2.0
7289,1.0
7290,20.0
7291,40.0
7292,1.0
7293,6550.0
7294,4.0
7295,1.0
7296,107.0
7297,186.0
7298,18.0
7299,2.0
7300,17267.0
7301,1.0
7302,1.0
7303,8859.0
7304,1.0
7305,1.0
7306,1.0
7307,1.0
7308,1.0
7309,3.0
7310,1.0
7311,1.0
7312,1.0
7313,735.0
7314,1.0
7315,1.0
7316,1.0
7317,6.0
7318,1.0
7319,1.0
7320,5.0
7321,16.0
7322,2.0
7323,1.0
7324,4.0
7325,21.0
7326,2.0
7327,1.0
7328,1.0
7329,1.0
7330,31.0
7331,1.0
7332,2.0
7333,3.0
7334,3.0
7335,1.0
7336,6.0
7337,1.0
7338,14.0
7339,1.0
7340,9.0
7341,1.0
7342,32.0
7343,1.0
7344,726.0
7345,1.0
7346,7.0
7347,6.0
7348,5.0
7349,1.0
7350,16.0
7351,1.0
7352,1.0
7353,2.0
7354,1.0
7355,1.0
7356,21.0
7357,15.0
7358,23.0
7359,2.0
7360,2.0
7361,714.0
7362,2.0
7363,4.0
7364,2.0
7365,1.0
7366,1.0
7367,161.0
7368,1.0
7369,1.0
7370,1.0
7371,2.0
7372,2.0
7373,1.0
7374,3.0
7375,1.0
7376,1.0
7377,1.0
7378,1.0
7379,4.0
7380,1.0
7381,1.0
7382,1.0
7383,3.0
7384,12987.0
7385,2.0
7386,1.0
7387,3.0
7388,1.0
7389,3.0
7390,1.0
7391,3.0
7392,9.0
7393,1.0
7394,3.0
7395,1.0
7396,1.0
7397,1.0
7398,20.0
7399,2.0
7400,4.0
7401,1.0
7402,1.0
7403,1.0
7404,2.0
7405,1.0
7406,4.0
7407,68.0
7408,1.0
7409,1.0
7410,1.0
7411,25667.0
7412,5931.0
7413,5.0
7414,1.0
7415,1.0
7416,6.0
7417,2.0
7418,98.0
7419,2.0
7420,10906.0
7421,42.0
7422,4.0
7423,2.0
7424,1.0
7425,1.0
7426,1.0
7427,1.0
7428,1.0
7429,1.0
7430,2.0
7431,650.0
7432,1.0
7433,1.0
7434,5.0
7435,1.0
7436,8942.0
7437,14.0
7438,2.0
7439,192.0
7440,1.0
7441,1.0
7442,34.0
7443,1.0
7444,1.0
7445,1.0
7446,293.0
7447,1.0
7448,3773.0
7449,11298.0
7450,1.0
7451,4.0
7452,1.0
7453,5.0
7454,1.0
7455,1.0
7456,71.0
7457,8.0
7458,1.0
7459,2.0
7460,4.0
7461,1.0
7462,1.0
7463,1.0
7464,8.0
7465,2.0
7466,1.0
7467,2.0
7468,3.0
7469,1.0
7470,1.0
7471,3.0
7472,3.0
7473,1.0
7474,1.0
7475,3.0
7476,3.0
7477,1.0
7478,3.0
7479,5.0
7480,1.0
7481,4.0
7482,1.0
7483,31.0
7484,1.0
7485,2.0
7486,10.0
7487,1.0
7488,1.0
7489,1.0
7490,12.0
7491,18.0
7492,1.0
7493,1.0
7494,1.0
7495,1.0
7496,1.0
7497,3.0
7498,2.0
7499,1.0
7500,4.0
7501,1.0
7502,11.0
7503,1.0
7504,1.0
7505,2.0
7506,2.0
7507,3.0
7508,4.0
7509,1.0
7510,4.0
7511,1.0
7512,1195.0
7513,1.0
7514,1.0
7515,2.0
7516,2.0
7517,1.0
7518,9.0
7519,1.0
7520,1.0
7521,3.0
7522,1.0
7523,3.0
7524,2.0
7525,2.0
7526,4.0
7527,1.0
7528,20.0
7529,1.0
7530,4.0
7531,10.0
7532,2.0
7533,1.0
7534,1.0
7535,1.0
7536,1.0
7537,1.0
7538,4.0
7539,1.0
7540,6.0
7541,1.0
7542,135.0
7543,1.0
7544,1.0
7545,30.0
7546,1.0
7547,2.0
7548,1.0
7549,1.0
7550,5.0
7551,70.0
7552,2.0
7553,4.0
7554,1.0
7555,1.0
7556,23.0
7557,2.0
7558,4.0
7559,1.0
7560,1.0
7561,1.0
7562,2.0
7563,1.0
7564,4.0
7565,5.0
7566,1.0
7567,31.0
7568,1.0
7569,1.0
7570,1.0
7571,274374.0
7572,864.0
7573,5078.0
7574,1.0
7575,8.0
7576,2.0
7577,2.0
7578,1.0
7579,5.0
7580,135.0
7581,124.0
7582,1.0
7583,2.0
7584,1.0
7585,1.0
7586,2.0
7587,4.0
7588,13.0
7589,21.0
7590,2.0
7591,8.0
7592,1.0
7593,1.0
7594,66.0
7595,1185.0
7596,88.0
7597,5.0
7598,1.0
7599,19.0
7600,4.0
7601,2.0
7602,1.0
7603,2.0
7604,6.0
7605,8.0
7606,1.0
7607,1.0
7608,23.0
7609,2.0
7610,1.0
7611,2.0
7612,31.0
7613,8.0
7614,2.0
7615,3.0
7616,6.0
7617,8.0
7618,1.0
7619,1.0
7620,31.0
7621,726.0
7622,1.0
7623,1.0
7624,7221.0
7625,1.0
7626,2.0
7627,9.0
7628,1.0
7629,3.0
7630,7.0
7631,17.0
7632,6.0
7633,6020.0
7634,1.0
7635,2.0
7636,1.0
7637,1.0
7638,1.0
7639,1.0
7640,1.0
7641,1.0
7642,186.0
7643,2.0
7644,1.0
7645,1.0
7646,2279.0
7647,3.0
7648,27.0
7649,14.0
7650,3.0
7651,16.0
7652,1.0
7653,17.0
7654,2.0
7655,2.0
7656,8.0
7657,1.0
7658,5.0
7659,14.0
7660,3.0
7661,1.0
7662,2.0
7663,2.0
7664,19.0
7665,5.0
7666,187010.0
7667,2.0
7668,3.0
7669,1.0
7670,2.0
7671,1.0
7672,1.0
7673,4909.0
7674,3561.0
7675,1.0
7676,1.0
7677,1.0
7678,1.0
7679,34.0
7680,2.0
7681,1.0
7682,1.0
7683,11.0
7684,5.0
7685,1.0
7686,2.0
7687,4.0
7688,2.0
7689,1.0
7690,4.0
7691,1583846.0
7692,39.0
7693,1.0
7694,1.0
7695,1.0
7696,2.0
7697,3.0
7698,4.0
7699,1.0
7700,1.0
7701,1.0
7702,1.0
7703,1.0
7704,1.0
7705,19306.0
7706,1.0
7707,2.0
7708,44.0
7709,1.0
7710,1.0
7711,4.0
7712,1.0
7713,2.0
7714,8.0
7715,3.0
7716,1.0
7717,5.0
7718,1.0
7719,250.0
7720,16.0
7721,2.0
7722,2.0
7723,1.0
7724,2.0
7725,2.0
7726,1.0
7727,26.0
7728,1.0
7729,1.0
7730,27.0
7731,8.0
7732,1.0
7733,1.0
7734,2.0
7735,3.0
7736,61277.0
7737,3.0
7738,8.0
7739,1.0
7740,1.0
7741,2.0
7742,5.0
7743,1.0
7744,1.0
7745,1.0
7746,1.0
7747,3.0
7748,2.0
7749,2.0
7750,2.0
7751,1.0
7752,255.0
7753,1.0
7754,1.0
7755,3210.0
7756,18.0
7757,1.0
7758,1.0
7759,8.0
7760,1.0
7761,18.0
7762,1.0
7763,1.0
7764,3.0
7765,1.0
7766,1.0
7767,3.0
7768,2.0
7769,2.0
7770,13.0
7771,1.0
7772,2.0
7773,1.0
7774,5.0
7775,1.0
7776,3.0
7777,1.0
7778,2.0
7779,1.0
7780,4.0
7781,205.0
7782,367.0
7783,1.0
7784,2.0
7785,2.0
7786,126.0
7787,1.0
7788,21.0
7789,1.0
7790,1.0
7791,1.0
7792,2.0
7793,1.0
7794,17537.0
7795,1.0
7796,4.0
7797,2.0
7798,1.0
7799,7.0
7800,1.0
7801,34.0
7802,5.0
7803,1.0
7804,1.0
7805,23.0
7806,1.0
7807,2.0
7808,2.0
7809,10.0
7810,1.0
7811,1.0
7812,2.0
7813,107.0
7814,3.0
7815,2.0
7816,6.0
7817,1.0
7818,1.0
7819,4.0
7820,262.0
7821,1.0
7822,23.0
7823,144.0
7824,1.0
7825,2.0
7826,54.0
7827,12.0
7828,1.0
7829,3.0
7830,2.0
7831,1.0
7832,1.0
7833,1.0
7834,1.0
7835,1.0
7836,1.0
7837,2.0
7838,1.0
7839,2.0
7840,7530.0
7841,17.0
7842,1.0
7843,1.0
7844,1.0
7845,5.0
7846,12142.0
7847,11.0
7848,2.0
7849,4.0
7850,2.0
7851,2.0
7852,3.0
7853,1.0
7854,2.0
7855,2.0
7856,2.0
7857,20270.0
7858,1.0
7859,9.0
7860,1.0
7861,1.0
7862,1.0
7863,12.0
7864,4.0
7865,2.0
7866,3.0
7867,1.0
7868,2.0
7869,1.0
7870,1.0
7871,1.0
7872,67.0
7873,3.0
7874,704516.0
7875,4.0
7876,1.0
7877,2.0
7878,2.0
7879,28.0
7880,107.0
7881,1.0
7882,2.0
7883,2.0
7884,23.0
7885,1.0
7886,1.0
7887,1.0
7888,11.0
7889,1.0
7890,2.0
7891,1.0
7892,1.0
7893,96.0
7894,4.0
7895,579.0
7896,2.0
7897,3.0
7898,1.0
7899,1.0
7900,4.0
7901,36.0
7902,3.0
7903,1.0
7904,15.0
7905,367.0
7906,11.0
7907,68.0
7908,1.0
7909,2.0
7910,1.0
7911,1.0
7912,1.0
7913,3.0
7914,1.0
7915,6.0
7916,26.0
7917,3.0
7918,11.0
7919,2.0
7920,1.0
7921,1.0
7922,1.0
7923,1.0
7924,1.0
7925,8.0
7926,1.0
7927,5.0
7928,2.0
7929,1.0
7930,79.0
7931,1.0
7932,23.0
7933,1.0
7934,3.0
7935,1.0
7936,1.0
7937,1.0
7938,8.0
7939,1.0
7940,21.0
7941,5.0
7942,1.0
7943,1.0
7944,1.0
7945,7.0
7946,6.0
7947,1.0
7948,11.0
7949,1.0
7950,49.0
7951,1.0
7952,3.0
7953,1.0
7954,3.0
7955,1.0
7956,61.0
7957,1.0
7958,1.0
7959,30.0
7960,4.0
7961,1.0
7962,723.0
7963,12.0
7964,1.0
7965,4.0
7966,1.0
7967,1.0
7968,4.0
7969,7.0
7970,13.0
7971,1.0
7972,4.0
7973,1.0
7974,4.0
7975,2.0
7976,3.0
7977,4.0
7978,11.0
7979,42.0
7980,324.0
7981,1.0
7982,1.0
7983,5.0
7984,27826.0
7985,1.0
7986,290.0
7987,5.0
7988,557.0
7989,2.0
7990,1.0
7991,1000.0
7992,132.0
7993,11.0
7994,1.0
7995,2.0
7996,1.0
7997,1.0
7998,3.0
7999,1.0
8000,4.0
8001,1.0
8002,6722.0
8003,1.0
8004,3.0
8005,1.0
8006,42.0
8007,2.0
8008,3.0
8009,1.0
8010,5.0
8011,1.0
8012,1.0
8013,1.0
8014,1.0
8015,13.0
8016,3.0
8017,1.0
8018,1.0
8019,9.0
8020,1.0
8021,2.0
8022,2.0
8023,6.0
8024,3.0
8025,190.0
8026,1.0
8027,4.0
8028,4011.0
8029,3.0
8030,1.0
8031,1.0
8032,6.0
8033,1.0
8034,1.0
8035,2.0
8036,1.0
8037,30.0
8038,3.0
8039,226.0
8040,673.0
8041,34.0
8042,187010.0
8043,1.0
8044,1.0
8045,30.0
8046,2.0
8047,367.0
8048,1.0
8049,2.0
8050,4.0
8051,31.0
8052,3.0
8053,5078.0
8054,7.0
8055,4.0
8056,6.0
8057,3.0
8058,2.0
8059,1.0
8060,5.0
8061,20.0
8062,1.0
8063,1.0
8064,13350.0
8065,4.0
8066,2.0
8067,4.0
8068,1.0
8069,2.0
8070,7.0
8071,1.0
8072,1.0
8073,14863.0
8074,2.0
8075,10.0
8076,1.0
8077,1.0
8078,1.0
8079,10.0
8080,8.0
8081,3.0
8082,1.0
8083,48639.0
8084,1.0
8085,3.0
8086,1.0
8087,2.0
8088,7.0
8089,1.0
8090,1.0
8091,2.0
8092,6.0
8093,1.0
8094,2.0
8095,2.0
8096,1617.0
8097,3.0
8098,5.0
8099,1.0
8100,4.0
8101,21.0
8102,6.0
8103,1.0
8104,2.0
8105,2.0
8106,24.0
8107,1.0
8108,42.0
8109,5.0
8110,275.0
8111,1.0
8112,1.0
8113,1.0
8114,2.0
8115,6.0
8116,1.0
8117,208.0
8118,1.0
8119,1.0
8120,1.0
8121,3.0
8122,9.0
8123,2.0
8124,1.0
8125,2.0
8126,1.0
8127,5.0
8128,3.0
8129,10.0
8130,3.0
8131,1.0
8132,11.0
8133,1.0
8134,8.0
8135,1.0
8136,3.0
8137,3.0
8138,1.0
8139,673.0
8140,4.0
8141,505.0
8142,1.0
8143,4.0
8144,1.0
8145,1.0
8146,2.0
8147,1.0
8148,1.0
8149,3.0
8150,1.0
8151,1863.0
8152,1.0
8153,1.0
8154,1.0
8155,2.0
8156,1.0
8157,4.0
8158,1.0
8159,5.0
8160,2.0
8161,4.0
8162,2.0
8163,107.0
8164,34.0
8165,4.0
8166,14.0
8167,5.0
8168,20.0
8169,34.0
8170,1.0
8171,3.0
8172,1176.0
8173,1.0
8174,7.0
8175,11.0
8176,1.0
8177,13.0
8178,1.0
8179,1.0
8180,2.0
8181,56.0
8182,208.0
8183,1.0
8184,5.0
8185,1.0
8186,2.0
8187,3423.0
8188,1.0
8189,1.0
8190,1.0
8191,1.0
8192,5.0
8193,3561.0
8194,12.0
8195,1.0
8196,3.0
8197,3.0
8198,1.0
8199,7.0
8200,1.0
8201,3.0
8202,1.0
8203,92.0
8204,107.0
8205,18.0
8206,32187.0
8207,3.0
8208,1.0
8209,1.0
8210,124.0
8211,2.0
8212,23.0
8213,1.0
8214,1.0
8215,2370.0
8216,1.0
8217,119.0
8218,1.0
8219,2.0
8220,4.0
8221,1.0
8222,2.0
8223,1.0
8224,2.0
8225,1.0
8226,1.0
8227,3.0
8228,7.0
8229,3.0
8230,1.0
8231,1.0
8232,11.0
8233,1.0
8234,1.0
8235,417.0
8236,1038.0
8237,9.0
8238,1.0
8239,3.0
8240,2.0
8241,1.0
8242,1.0
8243,1.0
8244,1.0
8245,1.0
8246,2.0
8247,1.0
8248,10.0
8249,1.0
8250,36.0
8251,1.0
8252,34.0
8253,1.0
8254,12.0
8255,1.0
8256,1.0
8257,1.0
8258,1.0
8259,152.0
8260,119.0
8261,1.0
8262,1.0
8263,1.0
8264,3.0
8265,2.0
8266,5.0
8267,2.0
8268,1.0
8269,3.0
8270,1.0
8271,1.0
8272,1.0
8273,15.0
8274,3.0
8275,1.0
8276,1.0
8277,1.0
8278,1.0
8279,17.0
8280,3.0
8281,17.0
8282,2.0
8283,6.0
8284,15.0
8285,2.0
8286,1.0
8287,3.0
8288,1.0
8289,2.0
8290,2.0
8291,3.0
8292,9.0
8293,1.0
8294,1.0
8295,5663.0
8296,1.0
8297,4.0
8298,2.0
8299,1.0
8300,3.0
8301,1.0
8302,1.0
8303,2.0
8304,4.0
8305,1.0
8306,9.0
8307,1176.0
8308,38.0
8309,17.0
8310,3.0
8311,135.0
8312,1.0
8313,1.0
8314,2.0
8315,1.0
8316,2.0
8317,2.0
8318,2.0
8319,1.0
8320,1.0
8321,4.0
8322,13.0
8323,1.0
8324,1.0
8325,1.0
8326,1.0
8327,1.0
8328,5.0
8329,1.0
8330,1.0
8331,11.0
8332,9.0
8333,1.0
8334,31467.0
8335,138.0
8336,8.0
8337,1.0
8338,5.0
8339,3.0
8340,1.0
8341,2.0
8342,1.0
8343,2167.0
8344,123201.0
8345,324.0
8346,1.0
8347,49.0
8348,1.0
8349,2.0
8350,5.0
8351,1.0
8352,1.0
8353,107.0
8354,1.0
8355,2.0
8356,2.0
8357,2.0
8358,1.0
8359,1.0
8360,12.0
8361,2.0
8362,6.0
8363,1.0
8364,1497349.0
8365,3.0
8366,1.0
8367,1.0
8368,2.0
8369,5.0
8370,8.0
8371,1.0
8372,1.0
8373,1.0
8374,3.0
8375,16.0
8376,2.0
8377,1.0
8378,1.0
8379,68.0
8380,3.0
8381,2.0
8382,6.0
8383,11.0
8384,2.0
8385,1.0
8386,4.0
8387,1.0
8388,1.0
8389,2.0
8390,3.0
8391,3561.0
8392,1.0
8393,15.0
8394,61277.0
8395,2.0
8396,1.0
8397,2.0
8398,3.0
8399,1.0
8400,49.0
8401,1.0
8402,2.0
8403,6.0
8404,2.0
8405,38579.0
8406,2.0
8407,5.0
8408,25.0
8409,1.0
8410,2.0
8411,1.0
8412,1.0
8413,2.0
8414,1.0
8415,1.0
8416,3.0
8417,2877.0
8418,1.0
8419,3.0
8420,2.0
8421,3.0
8422,121065.0
8423,47.0
8424,67540.0
8425,16.0
8426,1.0
8427,439.0
8428,1.0
8429,1.0
8430,4.0
8431,1.0
8432,9.0
8433,162.0
8434,3.0
8435,1.0
8436,1.0
8437,1.0
8438,2.0
8439,4.0
8440,1.0
8441,4.0
8442,1.0
8443,3.0
8444,293.0
8445,1.0
8446,1.0
8447,3.0
8448,1.0
8449,1.0
8450,3.0
8451,5.0
8452,11.0
8453,5.0
8454,3.0
8455,1.0
8456,1.0
8457,1.0
8458,1.0
8459,1.0
8460,1.0
8461,17.0
8462,1.0
8463,1.0
8464,11.0
8465,9.0
8466,5.0
8467,1.0
8468,1.0
8469,1.0
8470,1.0
8471,2.0
8472,2.0
8473,1.0
8474,3.0
8475,1.0
8476,1.0
8477,4.0
8478,1.0
8479,1.0
8480,5239.0
8481,1.0
8482,1.0
8483,2.0
8484,704516.0
8485,2.0
8486,21.0
8487,1.0
8488,2.0
8489,4.0
8490,7.0
8491,1.0
8492,1.0
8493,4.0
8494,2.0
8495,168.0
8496,191.0
8497,2.0
8498,6.0
8499,1.0
8500,24.0
8501,1.0
8502,2.0
8503,1.0
8504,9.0
8505,2.0
8506,15.0
8507,27780.0
8508,14.0
8509,2.0
8510,1.0
8511,6268.0
8512,1.0
8513,1.0
8514,1.0
8515,1.0
8516,2.0
8517,1.0
8518,1.0
8519,1.0
8520,7.0
8521,1.0
8522,1.0
8523,6.0
8524,1.0
8525,3.0
8526,1.0
8527,1.0
8528,1.0
8529,2.0
8530,1.0
8531,2.0
8532,4.0
8533,5.0
8534,7.0
8535,1.0
8536,1.0
8537,34.0
8538,3.0
8539,3.0
8540,60204.0
8541,9.0
8542,2.0
8543,1.0
8544,16.0
8545,10.0
8546,2965.0
8547,13.0
8548,1.0
